Gene,Half-life (h)
thrL,0.058333333
thrA,0.048333333
thrB,0.05
thrC,0.051666667
yaaA,0.063333333
yaaJ,0.138333333
talB,0.056666667
mog,0.17
yaaH,0.088333333
B0011,0.093333333
htgA,0.115
yaaI,0.101666667
dnaK,0.04
dnaJ,0.041666667
yi81_1,0.063333333
yi82_1,0.06
gef,0.138333333
nhaA,0.11
nhaR,0.068333333
insB_1,0.081666667
insA_1,0.088333333
rpsT,0.04
ribF,0
ileS,0.033333333
lspA,0.063333333
yaaF,0.128333333
dapB,0.058333333
carA,0.068333333
carB,0.086666667
caiF,0.168333333
caiE,0.198333333
caiD,0.101666667
caiC,0.088333333
caiB,0.096666667
caiA,0.095
caiT,0.061666667
fixA,0.076666667
fixB,0.078333333
fixC,0.183333333
fixX,0.076666667
yaaU,0.135
yabF,0.115
kefC,0.138333333
folA,0.103333333
apaH,0.06
apaG,0.048333333
ksgA,0.036666667
pdxA,0.056666667
surA,0.028333333
yabH,0.066666667
yabP,0.078333333
yabQ,0.12
yabO,0.075
polB,0.068333333
araD,0.185
araA,0.09
araB,0.176666667
araC,0.081666667
yabI,0.1
yabJ,0.12
yabK,0.121666667
tbpA,0.165
yabN,0.076666667
yabM,0
leuD,0.048333333
leuC,0.035
leuB,0.03
leuA,0.03
leuL,0.116666667
leuO,0.116666667
ilvI,0.051666667
ilvH,0.041666667
fruL,0.078333333
yabB,0.053333333
yabC,0.066666667
ftsI,0.098333333
murE,0.063333333
murF,0.05
mraY,0.131666667
murD,0
murG,0.225
murC,0.141666667
ddlB,0.206666667
ftsQ,0.381666667
ftsA,0
ftsZ,0
lpxC,0.111666667
secA,0.043333333
mutT,0.131666667
yacG,0.095
yacF,0.056666667
yacE,0.053333333
guaC,0.14
hofC,0.111666667
hofB,0
ppdD,0.108333333
nadC,0.043333333
ampD,0.071666667
ampE,0.065
aroP,0.055
pdhR,0.073333333
aceE,0.103333333
aceF,0.165
lpdA,0.096666667
yacH,0.11
acnB,0.035
yacL,0.065
speD,0.161666667
speE,0.073333333
yacC,0.115
hpt,0.105
yadF,0.041666667
yadG,0.068333333
yadH,0.063333333
yadI,0.078333333
yadE,0.1
panD,0.043333333
yadD,0.081666667
panC,0.071666667
panB,0.066666667
yadC,0.141666667
yadK,0.086666667
yadL,0.151666667
yadM,0.07
ecpD,0.096666667
yadN,0.121666667
folK,0.05
pcnB,0.08
yadB,0.088333333
dksA,0.078333333
sfsA,0.08
yadP,0.076666667
fhuA,0.035
fhuC,0.073333333
fhuD,0.055
fhuB,0.073333333
hemL,0.096666667
yadQ,0.066666667
yadS,0.086666667
yadT,0.071666667
pfs,0
dgt,0.07
htrA,0.056666667
yaeG,0.123333333
yaeH,0.228333333
yaeI,0.116666667
B0165,0
dapD,0.061666667
glnD,0.043333333
map,0.051666667
rpsB,0.073333333
tsf,0.051666667
pyrH,0.065
frr,0.045
yaeM,0.07
yaeS,0.041666667
cdsA,0.071666667
yaeL,0.05
yaeT,0.036666667
hlpA,0
lpxD,0.051666667
fabZ,0.095
lpxA,0.128333333
lpxB,0.111666667
rnhB,0.09
dnaE,0
accA,0.101666667
ldcC,0.083333333
yaeR,0.086666667
mesJ,0.07
yaeO,0.076666667
yaeQ,0.083333333
yaeJ,0.083333333
cutF,0.07
yaeF,0.101666667
proS,0.046666667
yaeB,0.11
rcsF,0.058333333
yaeC,0.108333333
yaeE,0.041666667
abc,0
yaeD,0.056666667
yafB,0.09
yafC,0.101666667
yafD,0.038333333
yafE,0.056666667
dniR,0.036666667
gloB,0.383333333
yafS,0.066666667
rnhA,0.09
dnaQ,0.08
yafT,0.11
yafU,0.113333333
yafV,0.07
ykfE,0.116666667
yafH,0.111666667
gmhA,0.088333333
yafJ,0.038333333
yafK,0.043333333
yafQ,0.081666667
dinJ,0.046666667
yafL,0.11
yafM,0.14
fhiA,0.09
mbhA,0.126666667
dinP,0.093333333
yafN,0.121666667
yafO,0.086666667
yafP,0.128333333
B0235,0.091666667
prfH,0.111666667
pepD,0.063333333
gpt,0
yafA,0.061666667
crl,0.053333333
phoE,0.12
proB,0.058333333
proA,0.043333333
B0245,0.118333333
yafW,0.105
ykfG,0.093333333
yafX,0.086666667
ykfF,0.131666667
ykfB,0.108333333
yafY,0.086666667
yafZ,0.146666667
ykfA,0.078333333
perR,0
yi91a,0.111666667
tra8_1,0.071666667
B0257,0.058333333
ykfC,0.08
trs5_1,0.121666667
ykfD,0.08
yagD,0.051666667
afuC,0.076666667
B0263,0.09
insB_2,0.06
insA_2,0.078333333
yagB,0.11
yagA,0.163333333
yagE,0.131666667
yagG,0.145
yagI,0.113333333
argF,0.095
insB_3,0.058333333
insA_3,0.051666667
yagJ,0.078333333
yagK,0.121666667
yagL,0.096666667
yagM,0.108333333
yagN,0.086666667
intF,0.105
yagP,0.123333333
yagQ,0.126666667
yagR,0.08
yagS,0.105
yagT,0.126666667
yagU,0.073333333
ykgJ,0.093333333
yagV,0.125
yagW,0
yagX,0.11
yagY,0.09
yagZ,0.126666667
ykgK,0.095
ykgL,0
ykgM,0.108333333
eaeH,0
B0298,0.091666667
tra5_5,0.068333333
ykgA,0.086666667
ykgB,0.105
B0302,0
ykgI,0
ykgC,0.118333333
ykgD,0.113333333
ykgE,0
ykgF,0.108333333
ykgG,0.081666667
B0309,0.086666667
ykgH,0.141666667
BetA,0.106666667
BetB,0.091666667
BetI,0.09
BetT,0.195
yahA,0.125
yahB,0.138333333
yahC,0.116666667
yahD,0.106666667
yahE,0.126666667
yahF,0.178333333
yahG,0.11
yahI,0.1
yahK,0.095
yahL,0.101666667
yahM,0.108333333
yahN,0.118333333
yahO,0
prpR,0.073333333
prpB,0.153333333
B0332,0.095
prpC,0.135
prpD,0.136666667
prpE,0.176666667
codB,0.145
codA,0.101666667
cynT,0.095
cynS,0.075
cynX,0.215
lacA,0.118333333
lacY,0.131666667
lacZ,0.173333333
lacI,0.095
mhpR,0.086666667
mhpA,0.121666667
mhpB,0
mhpC,0.135
mhpD,0.098333333
mhpF,0
mhpE,0.118333333
mhpT,0.118333333
yaiL,0.065
yaiM,0.08
adhC,0.226666667
yaiN,0.13
yaiO,0.143333333
B0359,0.16
yi21_1,0.09
yi22_1,0.035
B0362,0.078333333
yaiP,0.101666667
yaiS,0.1
tauA,0.106666667
tauB,0.093333333
tauC,0.13
tauD,0.121666667
hemB,0.056666667
B0370,0.071666667
yaiT,0.141666667
tra5_1,0
B0373,0.103333333
yaiU,0.101666667
yaiH,0.106666667
sbmA,0.08
yaiW,0.08
B0379,0.078333333
B0380,0.128333333
ddlA,0.068333333
yaiB,0.125
phoA,0.085
psiF,0.086666667
yaiC,0.125
proC,0.09
yaiI,0.096666667
aroL,0.038333333
yaiA,0
aroM,0.061666667
yaiE,0.153333333
B0392,0.11
yaiD,0.075
yajF,0.085
B0395,0.075
araJ,0.101666667
sbcC,0.065
sbcD,0.098333333
phoB,0.081666667
phoR,0.07
BrnQ,0
proY,0.075
yajB,0.1
queA,0.265
tgt,0.07
yajC,0.075
secD,0.046666667
secF,0.081666667
yajD,0.126666667
tsx,0.068333333
yajI,0
ybaD,0.08
ribD,0.056666667
ribH,0.058333333
nusB,0.055
thiL,0.041666667
pgpA,0.048333333
yajO,0.065
dxs,0.036666667
ispA,0.065
xseB,0
yajK,0.096666667
thiJ,0.085
apbA,0.066666667
yajQ,0.068333333
yajR,0.156666667
cyoE,0.086666667
cyoD,0.071666667
cyoC,0.053333333
cyoB,0.055
cyoA,0.053333333
ampG,0.09
yajG,0
BolA,0
tig,0.038333333
clpP,0.041666667
clpX,0.035
lon,0.056666667
hupB,0
ybaU,0
ybaV,0.098333333
ybaW,0.12
ybaX,0.07
ybaE,0.09
cof,0
ybaO,0.068333333
mdlA,0.121666667
mdlB,0.155
glnK,0.085
tesB,0.06
ybaY,0.061666667
ybaZ,0.075
ybaA,0.14
ylaB,0.083333333
ylaC,0.108333333
ylaD,0.098333333
hha,0.066666667
ybaJ,0.07
acrB,0.048333333
acrA,0.036666667
acrR,0.103333333
ybaM,0.085
priC,0.108333333
ybaN,0.063333333
apt,0.056666667
dnaX,0.041666667
ybaB,0.058333333
recR,0.068333333
htpG,0.048333333
adk,0.058333333
hemH,0.08
ybaC,0.08
gsk,0.086666667
ybaL,0.075
fsr,0.09
ushA,0.048333333
ybaK,0.135
ybaP,0.11
ybaQ,0.053333333
ybaR,0.09
ybaS,0
ybaT,0.045
ybbI,0.05
ybbJ,0.05
ybbK,0.136666667
ybbL,0.061666667
ybbM,0.11
ybbN,0.068333333
ybbO,0.075
tesA,0.061666667
ybbA,0.153333333
ybbP,0.086666667
ybbC,0.086666667
B0499,0.076666667
ybbD,0.111666667
B0501,0.07
B0502,0.086666667
ybbB,0.131666667
ybbS,0
ybbT,0.085
ybbU,0.07
gcl,0.095
gip,0.13
ybbQ,0.115
ybbV,0.09
ybbW,0.108333333
ybbX,0.105
ybbY,0.14
ybbZ,0.095
ylbA,0.13
ylbB,0.083333333
ylbC,0.108333333
fdrA,0.11
ylbE,0.163333333
ylbF,0.09
arcC,0.085
purK,0.035
purE,0.048333333
ybbF,0.066666667
ppiB,0.05
cysS,0.065
ybcI,0.101666667
ybcJ,0.116666667
folD,0.053333333
sfmA,0.103333333
sfmC,0.116666667
sfmD,0.19
sfmH,0.086666667
sfmF,0.116666667
fimZ,0.136666667
intD,0.101666667
B0538,0.091666667
B0539,0.126666667
B0540,0.133333333
tra5_2,0.101666667
B0542,0.066666667
emrE,0.068333333
ybcK,0.096666667
ybcL,0.095
ybcM,0.068333333
ybcN,0.085
ninE,0.08
ybcO,0.108333333
rus,0.09
ybcQ,0.108333333
trs5_2,0.195
nmpC,0.081666667
ybcR,0.103333333
ybcS,0.123333333
ybcT,0.086666667
ybcU,0.098333333
ybcV,0.121666667
ybcW,0.08
nohB,0.153333333
ybcX,0.108333333
ybcY,0.126666667
ylcE,0.07
appY,0
ompT,0.07
envY,0.131666667
ybcH,0.058333333
nfrA,0
nfrB,0.141666667
ybcZ,0.068333333
ylcA,0.095
ylcB,0.098333333
ylcC,0.096666667
ylcD,0.128333333
ybdE,0.135
pheP,0
ybdG,0.115
nfnB,0.075
ybdF,0.091666667
ybdJ,0.078333333
ybdK,0.073333333
yi81_2,0.053333333
entD,0.046666667
fepA,0.03
fes,0
entF,0.031666667
fepE,0.085
fepC,0.06
fepG,0.1
fepD,0
ybdA,0.095
fepB,0.046666667
entC,0.038333333
entE,0.038333333
entB,0.045
entA,0.046666667
ybdB,0.063333333
cstA,0.076666667
ybdH,0.083333333
ybdL,0.066666667
ybdM,0.108333333
ybdN,0.103333333
ybdO,0
dsbG,0.07
ahpC,0.301666667
ahpF,0.041666667
ybdQ,0.131666667
ybdR,0.118333333
B0609,0.073333333
rnk,0.06
rna,0.09
ybdS,0.068333333
citG,0.136666667
ybdU,0.118333333
citF,0.088333333
citE,0.126666667
citD,0.095
citC,0.116666667
citA,0.093333333
citB,0.088333333
dcuC,0.113333333
crcA,0.141666667
cspE,0.093333333
crcB,0.043333333
ybeH,0.063333333
ybeM,0.166666667
ybeC,0.103333333
lipA,0.096666667
ybeF,0.15
lipB,0.071666667
ybeD,0.058333333
dacA,0.055
rlpA,0.048333333
mrdB,0.081666667
mrdA,0.078333333
ybeA,0.07
ybeB,0.045
phpB,0.061666667
ybeN,0.04
holA,0.041666667
rlpB,0.043333333
leuS,0.035
ybeL,0.061666667
ybeQ,0.115
ybeR,0
ybeS,0.145
ybeU,0.128333333
ybeV,0.168333333
ybeW,0.116666667
ybeK,0.073333333
gltL,0.13
gltK,0.101666667
gltJ,0.118333333
trs5_3,0.245
ybeX,0.033333333
ybeY,0.066666667
yleA,0.093333333
yleB,0.078333333
B0663,0.105
B0667,0.038333333
B0669,0.086666667
B0671,0.07
asnB,0.053333333
nagD,0.065
nagC,0.04
nagA,0.103333333
nagB,0.171666667
nagE,0.153333333
glnS,0.04
ybfM,0
ybfN,0.081666667
fur,0.04
fldA,0.045
ybfE,0.073333333
ybfF,0.05
seqA,0.041666667
pgm,0.083333333
ybfP,0.1
ybfG,0.073333333
ybfH,0.101666667
potE,0.091666667
speF,0.131666667
kdpE,0.113333333
kdpD,0.1
kdpC,0.17
kdpB,0.126666667
kdpA,0.15
ybfA,0.106666667
B0701,0.103333333
ybfB,0.138333333
B0703,0.1
ybfC,0.105
ybfL,0.125
ybfD,0.088333333
ybgA,0.063333333
phrB,0.083333333
ybgH,0.235
ybgI,0.058333333
ybgJ,0.061666667
ybgK,0.05
ybgL,0.08
nei,0.06
abrB,0.103333333
ybgO,0.115
ybgP,0.108333333
ybgQ,0.136666667
ybgD,0.113333333
gltA,0.038333333
sdhC,0.096666667
sdhD,0.101666667
sdhA,0.078333333
sdhB,0.08
B0725,0.106666667
sucA,0
sucB,0.291666667
sucC,0
sucD,0
farR,0.068333333
hrsA,0.188333333
ybgG,0.146666667
cydA,0.061666667
cydB,0.065
ybgE,0.121666667
ybgC,0.041666667
tolQ,0.068333333
tolR,0.075
tolA,0.048333333
tolB,0.073333333
pal,0.101666667
ybgF,0.051666667
nadA,0.055
pnuC,0.05
ybgR,0.053333333
B0753,0.183333333
aroG,0.043333333
gpmA,0.048333333
galM,0.04
galK,0.078333333
galT,0.076666667
galE,0.075
modF,0.05
modE,0.1
modA,0.115
modB,0.156666667
modC,0.125
ybhA,0.108333333
ybhE,0.09
ybhD,0.168333333
ybhH,0.096666667
ybhC,0.106666667
ybhB,0.09
BioA,0.036666667
BioB,0.045
BioF,0.045
BioC,0.035
BioD,0.036666667
uvrB,0
ybhK,0
moaA,0.053333333
moaB,0.036666667
moaC,0.04
moaD,0.06
moaE,0.04
ybhL,0.083333333
ybhM,0
ybhN,0.091666667
ybhO,0.101666667
ybhP,0.088333333
ybhQ,0.081666667
ybhR,0.058333333
ybhS,0.071666667
ybhF,0.081666667
B0795,0.111666667
ybiH,0.096666667
rhlE,0.078333333
ybiA,0.106666667
dinG,0.088333333
ybiC,0.063333333
ybiJ,0.063333333
ybiI,0.05
B0805,0.116666667
ybiM,0.14
ybiN,0.105
ybiO,0
glnQ,0.09
glnP,0.073333333
glnH,0.095
dps,0.143333333
ybiF,0.085
ompX,0.113333333
ybiP,0.113333333
B0816,0.091666667
B0817,0.098333333
ybiR,0.113333333
ybiS,0.085
ybiT,0.085
ybiU,0
B0822,0.091666667
ybiW,0.126666667
ybiY,0.07
mipB,0.116666667
moeB,0.066666667
moeA,0.096666667
ybiK,0.038333333
B0829,0.046666667
B0830,0.07
B0831,0.076666667
B0832,0.078333333
B0833,0.09
B0834,0.49
yliG,0.098333333
B0836,0.133333333
yliI,0.081666667
yliJ,0.08
dacC,0
deoR,0.096666667
ybjG,0.136666667
cmr,0.105
ybjH,0.065
B0844,0.073333333
B0845,0.095
B0846,0.113333333
B0847,0.051666667
ybjM,0.091666667
grxA,0.075
ybjC,0.081666667
mdaA,0.076666667
rimK,0.073333333
ybjN,0.09
potF,0.07
potG,0.043333333
potH,0.06
potI,0.103333333
ybjO,0.086666667
ybjF,0.066666667
artJ,0.068333333
artM,0.063333333
artQ,0.073333333
artP,0.068333333
ybjP,0.065
B0866,0.076666667
B0867,0.073333333
B0868,0.061666667
ybjT,0.048333333
ybjU,0.04
poxB,0.065
B0872,0.136666667
ybjW,0.203333333
ybjE,0.093333333
aqpZ,0.143333333
ybjD,0.061666667
ybjX,0.076666667
B0878,0.075
ybjZ,0.073333333
cspD,0.256666667
yljA,0.071666667
clpA,0.103333333
infA,0.056666667
aat,0.086666667
cydC,0.068333333
cydD,0.125
trxB,0.065
ftsK,0.075
lolA,0.051666667
ycaJ,0
serS,0.043333333
dmsA,0
dmsB,0.098333333
dmsC,0.111666667
ycaC,0
ycaD,0.09
B0899,0.12
ycaN,0.106666667
ycaK,0.086666667
pflA,0.071666667
pflB,0.096666667
focA,0.1
ycaO,0.081666667
ycaP,0.051666667
serC,0.033333333
aroA,0.031666667
ycaL,0.061666667
cmk,0.078333333
rpsA,0.07
msbA,0.05
ycaH,0.066666667
ycaQ,0.08
ycaR,0.088333333
kdsB,0.066666667
B0919,0.088333333
ycbC,0.118333333
smtA,0.07
mukF,0.128333333
mukE,0.05
mukB,0.046666667
ycbB,0.07
ycbK,0.026666667
ycbL,0
aspC,0.071666667
ompF,0.141666667
asnS,0.028333333
pncB,0.05
pepN,0.035
ycbE,0.095
ycbM,0.113333333
ycbN,0.163333333
ycbO,0.081666667
ycbP,0.1
ycbR,0.128333333
ycbS,0.141666667
B0941,0.123333333
B0942,0.13
B0943,0.125
ycbF,0
pyrD,0.078333333
ycbW,0.071666667
B0947,0.048333333
ycbY,0.061666667
uup,0.055
pqiA,0.081666667
pqiB,0.101666667
ymbA,0.09
rmf,0
fabA,0.056666667
ycbG,0.095
ompA,0.22
sulA,0.073333333
B0959,0.108333333
B0960,0.06
yccF,0.091666667
helD,0.08
mgsA,0.065
B0964,0.101666667
B0965,0.151666667
yccV,0.111666667
B0967,0.076666667
B0968,0.066666667
yccK,0.116666667
yccA,0.043333333
hyaA,0.096666667
hyaB,0.098333333
hyaC,0.108333333
hyaD,0.215
hyaE,0.096666667
hyaF,0.073333333
appC,0.121666667
appB,0.066666667
appA,0
yccC,0.106666667
yccY,0.111666667
yccZ,0.141666667
ymcA,0.101666667
ymcB,0.091666667
ymcC,0.111666667
ymcD,0.085
insB_4,0.166666667
cspH,0.083333333
cspG,0.078333333
yccM,0.148333333
torS,0.115
torT,0
torR,0.115
torC,0
torA,0.105
torD,0.125
yccD,0.055
cbpA,0.045
yccE,0.1
agp,0.305
yccJ,0.23
wrbA,0.138333333
ycdF,0
ycdG,0.125
B1007,0.1
B1008,0.111666667
B1009,0.185
B1010,0.101666667
B1011,0.118333333
B1012,0.163333333
ycdC,0.096666667
putA,0.135
putP,0.068333333
B1016,0.063333333
B1017,0.056666667
ycdO,0.033333333
phoH,0.21
ycdP,0.066666667
ycdQ,0.1
ycdR,0.166666667
ycdS,0.066666667
ycdT,0.08
tra5_3,0
B1027,0.08
B1028,0.101666667
ycdU,0.086666667
ycdW,0.056666667
ycdX,0.056666667
ycdY,0.056666667
ycdZ,0.093333333
csgG,0.058333333
csgF,0.056666667
csgE,0.075
csgD,0.078333333
csgB,0
csgA,0
csgC,0.115
B1044,0.081666667
B1045,0.053333333
ymdC,0.05
ymdD,0.063333333
mdoG,0.035
mdoH,0.046666667
yceK,0.095
msyB,0.115
B1052,0.133333333
yceE,0.111666667
htrB,0.103333333
yceA,0.041666667
yceI,0.128333333
B1057,0.078333333
yceO,0.07
solA,0.066666667
yceP,0.125
dinI,0.073333333
pyrC,0.115
yceB,0.053333333
grxB,0
yceL,0.113333333
rimJ,0.048333333
yceH,0.088333333
mviM,0.086666667
mviN,0.083333333
flgN,0.093333333
flgM,0.106666667
flgA,0.108333333
flgB,0.138333333
flgC,0.12
flgD,0.163333333
flgE,0.068333333
flgF,0.121666667
flgG,0.08
flgH,0.105
flgI,0.126666667
flgJ,0.091666667
flgK,0.1
flgL,0.116666667
B1085,0.081666667
yceC,0.086666667
yceF,0.051666667
yceD,0.118333333
rpmF,0.091666667
plsX,0.056666667
fabH,0.04
fabD,0.048333333
fabG,0.09
acpP,0.116666667
yceG,0.043333333
tmk,0.065
holB,0.048333333
ycfH,0.08
ptsG,0.09
fhuE,0.031666667
ycfF,0.078333333
ycfL,0.08
ycfM,0.065
ycfN,0.09
ycfO,0.05
ycfP,0.073333333
ndh,0.055
ycfJ,0.086666667
ycfQ,0.07
ycfR,0.083333333
ycfS,0.083333333
mfd,0.043333333
ycfT,0.113333333
ycfU,0.071666667
ycfV,0.136666667
ycfW,0.07
ycfX,0.065
cobB,0.073333333
B1121,0.083333333
ymfA,0.116666667
potD,0
potC,0.108333333
potB,0.081666667
potA,0.073333333
pepT,0.08
ycfD,0.041666667
phoQ,0.175
phoP,0.055
purB,0.06
ycfC,0.041666667
ycfB,0.085
B1134,0.076666667
ymfC,0.08
icdA,0.085
ymfD,0.091666667
ymfE,0.103333333
lit,0.135
intE,0.141666667
B1141,0.131666667
ymfH,0.088333333
ymfI,0.095
ymfJ,0.078333333
B1145,0.091666667
B1146,0.12
ymfL,0.12
ymfM,0.108333333
ymfN,0.11
ymfR,0.123333333
ymfO,0.116666667
B1152,0
B1153,0.113333333
ycfK,0.141666667
B1155,0.105
ycfA,0.143333333
B1157,0.158333333
pin,0.148333333
mcrA,0
ycgX,0.096666667
ycgE,0.041666667
B1163,0.038333333
ycgZ,0.086666667
ymgA,0.1
ymgB,0.111666667
ymgC,0.115
B1168,0.175
B1169,0.136666667
B1170,0.16
B1171,0.105
B1172,0.105
B1173,0.086666667
minE,0.056666667
minD,0.028333333
minC,0.036666667
ycgJ,0.095
ycgK,0.143333333
ycgL,0
B1180,0.071666667
ycgN,0.086666667
umuD,0.105
umuC,0.141666667
dsbB,0.073333333
nhaB,0.093333333
fadR,0.063333333
ycgB,0.041666667
dadA,0.046666667
dadX,0.041666667
B1191,0.1
B1192,0.091666667
mltE,0.05
ycgR,0.098333333
ymgE,0.103333333
ycgY,0.181666667
treA,0.06
ycgC,0.048333333
B1199,0.068333333
B1200,0.068333333
B1201,0.061666667
B1202,0.096666667
ychF,0.045
pth,0.066666667
ychH,0.103333333
ychM,0.09
ychB,0.071666667
hemA,0.158333333
prfA,0.058333333
hemK,0.083333333
B1213,0.09
ychA,0.075
kdsA,0.066666667
chaA,0.09
chaB,0.103333333
chaC,0.093333333
ychN,0.096666667
ychP,0.076666667
narL,0.071666667
narX,0.145
narK,0.101666667
narG,0.16
narH,0.1
narJ,0.091666667
narI,0.095
B1228,0.118333333
tpr,0.075
purU,0.048333333
ychJ,0.071666667
ychK,0.061666667
hnr,0.04
galU,0.081666667
hns,0.056666667
tdk,0.086666667
ychG,0.128333333
B1240,0.151666667
adhE,0.103333333
oppA,0.155
oppB,0.048333333
oppC,0.055
oppD,0.055
oppF,0.073333333
B1248,0.06
cls,0.068333333
kch,0.078333333
yciI,0.1
tonB,0.061666667
yciA,0.105
yciB,0.09
yciC,0.068333333
yciD,0.155
yciE,0
yciF,0.28
yciG,0
trpA,0
trpB,0.045
trpC,0.036666667
trpD,0.031666667
trpE,0.035
trpL,0.076666667
yciV,0.063333333
yciO,0.056666667
yciQ,0
yciL,0.073333333
BtuR,0.055
yciK,0.065
sohB,0.073333333
yciN,0.088333333
topA,0.05
cysB,0.053333333
acnA,0.045
ribA,0.046666667
pgpB,0.151666667
yciS,0.105
yciM,0.068333333
pyrF,0.095
yciH,0.138333333
osmB,0.163333333
B1284,0.07
yciR,0.073333333
rnb,0.036666667
yciW,0.07
fabI,0.123333333
ycjD,0.111666667
sapF,0.075
sapD,0.101666667
sapC,0.115
sapB,0.09
sapA,0.06
ymjA,0.093333333
ycjJ,0.09
B1297,0.075
ycjL,0.135
ycjC,0.066666667
aldH,0.12
ordL,0.3
goaG,0.15
pspF,0.146666667
pspA,0.148333333
pspB,0.26
pspC,0.071666667
pspD,0.093333333
pspE,0.078333333
ycjM,0.078333333
B1310,0.191666667
ycjO,0.116666667
ycjP,0
ycjQ,0.07
B1314,0.116666667
ycjS,0.088333333
ycjT,0
ycjU,0.103333333
ycjV,0.076666667
ompG,0.108333333
ycjW,0.09
ycjX,0.073333333
ycjF,0.103333333
tyrR,0.055
tpx,0.166666667
ycjG,0.035
ycjI,0.061666667
B1327,0.148333333
ycjZ,0
B1329,0.098333333
B1330,0.086666667
trs5_4,0.136666667
ynaJ,0.14
ydaA,0
fnr,0.113333333
ogt,0.13
ydaH,0.08
B1337,0.126666667
ydaJ,0.111666667
ydaK,0.098333333
ydaL,0.118333333
B1341,0.101666667
B1342,0.081666667
ydaO,0
B1345,0.083333333
ydaQ,0.096666667
ydaC,0.081666667
lar,0.066666667
recT,0.095
recE,0.121666667
racC,0.091666667
ydaD,0.136666667
sieB,0.233333333
B1354,0.15
B1355,0.108333333
ydaR,0.1
ydaS,0
ydaT,0.148333333
ydaU,0.151666667
B1360,0.185
ydaW,0.106666667
B1362,0
trkG,0.116666667
B1364,0.1
B1365,0.136666667
ydaY,0.116666667
B1367,0.085
B1368,0.151666667
B1369,0.138333333
trs5_5,0.351666667
B1371,0.146666667
B1372,0.13
ynaC,0.113333333
B1374,0.133333333
ynaE,0.103333333
ynaF,0.086666667
B1377,0.128333333
ydbK,0.061666667
hslJ,0.083333333
ldhA,0.091666667
ydbH,0.096666667
ynbE,0.103333333
ydbL,0.108333333
feaR,0.106666667
feaB,0.085
tynA,0.146666667
maoC,0.148333333
ydbO,0.121666667
ynbF,0.145
ydbP,0.19
B1391,0.106666667
B1392,0.148333333
ydbS,0.1
B1396,0.105
B1397,0.065
B1398,0.101666667
B1399,0.108333333
B1400,0.091666667
ydbA_1,0.095
yi22_2,0.036666667
yi21_2,0.053333333
tra8_2,0.11
ydbA_2,0.08
ydbC,0.106666667
ydbD,0.128333333
B1408,0.096666667
B1409,0.078333333
B1410,0.201666667
ynbD,0.195
acpD,0.091666667
hrpA,0.126666667
ydcF,0.066666667
aldA,0.095
gapC_2,0.048333333
gapC_1,0
cybB,0.133333333
ydcA,0.121666667
B1420,0.158333333
trg,0.145
B1422,0.046666667
B1425,0
ydcH,0.11
rimL,0.073333333
B1428,0.083333333
tehA,0.066666667
tehB,0.121666667
B1431,0.071666667
B1433,0.12
ydcN,0.143333333
ydcP,0.11
B1436,0.148333333
B1437,0.08
B1438,0.08
B1439,0
B1440,0.095
B1441,0.085
B1442,0.108333333
B1443,0.12
B1444,0
B1445,0.176666667
B1446,0.073333333
B1447,0.076666667
B1448,0.061666667
yncB,0.063333333
B1450,0.075
B1452,0.12
ansP,0.073333333
B1454,0.041666667
B1455,0.078333333
rhsE,0.121666667
ydcD,0.093333333
B1458,0.113333333
ydcC,0.153333333
ydcE,0.073333333
B1462,0.076666667
B1463,0.178333333
yddE,0.066666667
narV,0.103333333
narW,0.125
narY,0.115
narZ,0.096666667
narU,0.098333333
B1470,0.093333333
B1471,0.13
yddG,0.086666667
fdnG,0.116666667
fdnH,0.14
fdnI,0.103333333
yddM,0.073333333
adhP,0.523333333
sfcA,0.046666667
rpsV,0
osmC,0.125
B1483,0.191666667
B1484,0.076666667
B1485,0.111666667
B1486,0.083333333
B1487,0.148333333
B1488,0.086666667
B1489,0.035
B1490,0.05
B1491,0.075
xasA,0.141666667
gadB,0.193333333
pqqL,0.115
yddB,0.075
yddA,0.103333333
B1497,0.163333333
B1498,0.071666667
B1499,0.096666667
B1500,0.101666667
B1502,0.136666667
B1503,0.141666667
B1504,0.113333333
B1505,0.1
B1506,0.123333333
hipA,0.078333333
hipB,0.103333333
B1509,0.095
ydeK,0.143333333
ydeV,0.08
ydeW,0.185
B1513,0.121666667
ydeY,0.16
ydeZ,0.143333333
B1516,0.101666667
yneB,0.083333333
B1518,0.086666667
B1519,0.07
uxaB,0
B1523,0.075
yneH,0.066666667
B1525,0.075
yneJ,0.091666667
B1527,0.091666667
ydeA,0.083333333
ydeB,0.065
marR,0.096666667
marA,0.083333333
marB,0.1
ydeD,0.058333333
ydeF,0.16
ydeH,0.061666667
dcp,0.073333333
ydfG,0.081666667
ydfH,0.07
B1541,0.088333333
ydfI,0.21
B1543,0.146666667
ydfK,0.078333333
B1545,0.076666667
ydfM,0.095
B1547,0.113333333
nohA,0.208333333
ydfO,0.086666667
B1550,0.095
B1551,0.086666667
cspI,0.096666667
B1553,0.108333333
B1554,0.101666667
B1555,0.093333333
B1556,0.066666667
cspB,0.126666667
cspF,0.055
B1559,0.123333333
B1560,0.101666667
rem,0.088333333
relF,0.136666667
relE,0.106666667
relB,0.083333333
B1565,0.083333333
flxA,0.086666667
B1567,0.083333333
B1568,0.098333333
dicC,0.16
dicA,0.053333333
ydfA,0.116666667
ydfB,0.086666667
ydfC,0.115
dicB,0.15
ydfD,0.098333333
ydfE,0.098333333
B1578,0.045
B1579,0.39
rspB,0.068333333
rspA,0.131666667
B1582,0.283333333
B1583,0.048333333
speG,0.071666667
ynfC,0.086666667
B1586,0.065
B1589,0.125
B1590,0.075
B1591,0.086666667
B1592,0.07
B1593,0.081666667
mlc,0.091666667
ynfM,0.08
asr,0.11
B1598,0.103333333
B1599,0.098333333
B1600,0.306666667
B1601,0.158333333
pntB,0.085
pntA,0.098333333
B1604,0.033333333
B1605,0.093333333
ydgB,0.058333333
ydgC,0.066666667
rstA,0.065
rstB,0.086666667
tus,0.066666667
fumA,0.095
manA,0.06
ydgA,0.036666667
uidC,0.125
uidB,0.12
uidA,0.163333333
uidR,0.105
malI,0.203333333
malX,0.068333333
malY,0
add,0.061666667
B1624,0.05
B1625,0.076666667
B1626,0.071666667
B1627,0.06
B1628,0.068333333
B1629,0.048333333
ydgO,0.063333333
B1631,0.073333333
ydgQ,0.095
nth,0.146666667
ydgR,0.128333333
gst,0.063333333
pdxY,0.051666667
tyrS,0.033333333
pdxH,0.065
ydhA,0.143333333
B1640,0.061666667
slyB,0.113333333
slyA,0.058333333
B1643,0.083333333
B1644,0.091666667
B1645,0.083333333
sodC,0.145
B1647,0.058333333
B1648,0.13
B1649,0.113333333
nemA,0.098333333
gloA,0.07
rnt,0.105
lhr,0.065
ydhD,0.065
ydhO,0.07
sodB,0.146666667
B1657,0.091666667
purR,0.058333333
ydhB,0.093333333
ydhC,0.121666667
cfa,0.163333333
ydhE,0.058333333
B1664,0.04
B1667,0.15
B1668,0.046666667
B1669,0.081666667
ydhU,0.073333333
B1671,0.086666667
B1672,0.143333333
B1673,0.103333333
B1674,0.091666667
B1675,0.105
pykF,0.076666667
lpp,0.235
ynhG,0.071666667
ynhA,0.061666667
B1680,0.031666667
ynhC,0.025
ynhD,0.04
ynhE,0.026666667
ydiC,0.036666667
B1685,0.126666667
B1686,0.046666667
ydiJ,0
B1688,0.063333333
B1689,0.095
B1690,0.161666667
B1691,0.11
ydiB,0.143333333
aroD,0.106666667
ydiF,0.121666667
B1695,0.141666667
B1696,0.113333333
ydiQ,0.081666667
ydiR,0.108333333
ydiS,0.106666667
ydiT,0.091666667
ydiD,0.108333333
ppsA,0.093333333
ydiA,0.051666667
aroH,0.056666667
ydiE,0.085
B1706,0.031666667
B1707,0.095
nlpC,0.053333333
BtuD,0.08
BtuE,0.181666667
BtuC,0.113333333
himA,0.11
pheT,0.063333333
pheS,0.048333333
pheM,0.091666667
rplT,0.163333333
rpmI,0.171666667
infC,0.06
B1720,0.09
B1721,0.151666667
B1722,0.076666667
pfkB,0.13
B1724,0
B1725,0.096666667
B1726,0.06
yniC,0.055
B1728,0.111666667
B1729,0.078333333
B1730,0.091666667
B1731,0.098333333
katE,0.098333333
ydjC,0.098333333
celF,0.113333333
celD,0.095
celC,0.121666667
celB,0.235
celA,0.106666667
osmE,0.136666667
nadE,0.091666667
B1741,0
B1742,0.1
spy,0.135
ydjS,0.078333333
B1745,0.255
B1746,0.106666667
B1747,0.086666667
cstC,0.093333333
,0
,0.058333333
,0
,0.058333333
,0
,0.063333333
,0.086666667
,0
,0.07
,0.078333333
,0.066666667
,0.046666667
xthA,0.125
ydjX,0.103333333
ydjY,0.105
ydjZ,0.121666667
ynjA,0.103333333
B1754,0.065
B1755,0.1
B1756,0.1
B1757,0.103333333
B1758,0.146666667
B1759,0.098333333
B1760,0.085
gdhA,0.038333333
B1762,0.096666667
topB,0.038333333
selD,0.058333333
ydjA,0.055
sppA,0.056666667
ansA,0.056666667
ydjB,0.066666667
ydjE,0.115
B1771,0.176666667
B1772,0.175
B1773,0.091666667
ydjJ,0.113333333
B1775,0.11
B1776,0.175
yeaA,0.103333333
gapA,0.111666667
yeaD,0.081666667
B1781,0.06
yeaF,0.123333333
yeaG,0.16
yeaH,0.075
yeaI,0.121666667
yeaJ,0
yeaK,0.08
B1788,0
yeaL,0.115
yeaM,0.105
yeaN,0.155
yeaO,0.086666667
yoaF,0.101666667
yeaP,0.105
yeaQ,0
yoaG,0.091666667
yeaR,0.095
yeaS,0.085
yeaT,0.11
yeaU,0.076666667
yeaV,0.136666667
yeaW,0.123333333
yeaX,0.106666667
rnd,0.095
fadD,0.091666667
B1806,0.07
yeaZ,0.153333333
B1809,0.083333333
B1810,0.14
B1811,0.105
pabB,0.226666667
yeaB,0.081666667
sdaA,0.071666667
B1815,0.083333333
yoaE,0.051666667
manX,0.301666667
manY,0.363333333
manZ,0.13
B1820,0.071666667
B1821,0.101666667
yebH,0.068333333
cspC,0.098333333
B1824,0.081666667
B1825,0.085
B1826,0.091666667
B1827,0.063333333
B1828,0.158333333
htpX,0.05
prc,0.046666667
yebJ,0.053333333
B1832,0.06
B1833,0.113333333
B1834,0.058333333
yebU,0.091666667
B1836,0.261666667
B1837,0.09
pphA,0.086666667
B1839,0.078333333
B1840,0.07
B1841,0.08
holE,0.085
B1843,0.16
B1844,0.048333333
ptrB,0.063333333
yebE,0.083333333
yebF,0.081666667
yebG,0.075
purT,0.078333333
eda,0.143333333
edd,0.121666667
zwf,0.068333333
yebK,0.075
pykA,0.113333333
msbB,0.06
yebA,0.025
yebL,0.051666667
yebM,0.058333333
yebI,0.061666667
ruvB,0.076666667
ruvA,0.09
yebB,0.15
ruvC,0.066666667
yebC,0.058333333
ntpA,0.081666667
aspS,0.053333333
yecD,0.085
yecE,0.078333333
yecN,0.101666667
yecO,0.053333333
yecP,0.113333333
BisZ,0.11
yecK,0.066666667
cutC,0.093333333
yecM,0.083333333
argS,0.055
yecT,0.106666667
flhE,0.076666667
flhA,0.195
flhB,0.116666667
cheZ,0.116666667
cheY,0.081666667
cheB,0.12
cheR,0.095
tap,0.175
tar,0
cheW,0
cheA,0.173333333
motB,0.123333333
motA,0.071666667
flhC,0.085
flhD,0.111666667
insB_5,0
insA_5,0.125
yecG,0.071666667
otsA,0.035
otsB,0.033333333
araH_2,0.115
araH_1,0.086666667
araG,0.075
araF,0.096666667
yecI,0.091666667
B1903,0.055
B1904,0.1
ftn,0.071666667
yecH,0.108333333
tyrP,0.091666667
yecA,0.043333333
pgsA,0.086666667
uvrC,0.045
uvrY,0.048333333
yecF,0.083333333
sdiA,0.073333333
yecC,0.081666667
yecS,0.076666667
yedO,0.093333333
fliY,0.08
fliZ,0.101666667
fliA,0.088333333
fliC,0.135
fliD,0.138333333
fliS,0.095
fliT,0.108333333
amyA,0.111666667
yedD,0.068333333
yedE,0.136666667
yedF,0.08
yedK,0.083333333
yedL,0.076666667
B1933,0.105
yedN,0.08
yedM,0.096666667
B1936,0.078333333
fliE,0.143333333
fliF,0.34
fliG,0.145
fliH,0.135
fliI,0.101666667
fliJ,0.088333333
fliK,0.121666667
fliL,0.14
fliM,0.116666667
fliN,0.203333333
fliO,0.143333333
fliP,0.255
fliQ,0.098333333
fliR,0.095
rcsA,0.111666667
dsrB,0.085
B1953,0.183333333
B1955,0.078333333
B1956,0.056666667
B1957,0.15
yedI,0.056666667
yedA,0.115
vsr,0.12
dcm,0.056666667
yedJ,0.048333333
B1963,0.11
B1964,0.091666667
B1965,0.106666667
B1966,0.096666667
yedU,0.118333333
yedV,0.068333333
yedW,0.078333333
B1970,0.083333333
B1971,0.078333333
B1972,0.091666667
B1973,0
yodB,0.078333333
B1976,0.068333333
B1978,0.111666667
B1979,0.078333333
B1980,0.22
shiA,0.068333333
amn,0.041666667
B1983,0.056666667
yeeO,0.11
cbl,0.101666667
nac,0.081666667
erfK,0.091666667
cobT,0.065
cobS,0.1
cobU,0.126666667
trs5_6,0.176666667
B1995,0.063333333
yi22_3,0.033333333
yi21_3,0.056666667
B1998,0.106666667
yeeP,0.083333333
flu,0.231666667
B2001,0.163333333
yeeS,0.116666667
yeeU,0.103333333
yeeW,0.086666667
yeeX,0.056666667
yeeA,0.081666667
sbmC,0.305
dacD,0.113333333
sbcB,0.14
yeeD,0.051666667
yeeE,0.075
yeeF,0.088333333
yeeY,0.066666667
B2016,0.043333333
yefM,0.113333333
hisL,0.065
hisG,0.041666667
hisD,0.053333333
hisC,0.055
hisB,0.07
hisH,0
hisA,0
hisF,0
hisI,0
wzzB,0
ugd,0
gnd,0
trs5_7,0.176666667
yefJ,0
wbbK,0
wbbJ,0
wbbI,0
wbbH,0
glf,0
rfbX,0.046666667
rfbC,0.051666667
rfbA,0.043333333
rfbD,0.04
rfbB,0.081666667
galF,0.048333333
wcaM,0.266666667
wcaL,0.131666667
wcaK,0
wzxC,0.128333333
wcaJ,0.22
cpsG,0
cpsB,0.17
wcaI,0.093333333
wcaH,0
wcaG,0.221666667
gmd,0
wcaF,0.123333333
wcaE,0.138333333
wcaD,0.071666667
wcaC,0.113333333
wcaB,0.115
wcaA,0.061666667
B2060,0.09
wzb,0
wza,0.081666667
yegH,0
asmA,0.06
dcd,0.078333333
udk,0.065
yegE,0.1
alkA,0.133333333
yegD,0.111666667
B2070,0.091666667
B2071,0.088333333
B2072,0.091666667
B2073,0.105
B2074,0.128333333
yegN,0.088333333
yegO,0.106666667
yegB,0.225
BaeS,0.238333333
BaeR,0.081666667
B2080,0.281666667
yegQ,0.083333333
ogrK,0.096666667
B2083,0.085
B2084,0.095
B2085,0.108333333
B2086,0.063333333
gatR_1,0.085
B2088,0.13
tra5_4,0.068333333
gatR_2,0
gatD,0
gatC,0
gatB,0.143333333
gatA,0.086666667
gatZ,0.05
gatY,0.036666667
B2097,0.103333333
yegT,0.111666667
B2099,0.11
B2100,0.135
yegW,0.093333333
yegX,0.1
thiD,0.09
thiM,0
yohL,0.101666667
yohM,0.083333333
B2107,0.078333333
yehB,0.088333333
yehC,0
yehE,0.113333333
mrp,0.061666667
metG,0.035
molR_1,0.16
molR_2,0.155
molR_3,0.2
yehI,0.148333333
yehL,0.138333333
yehM,0.151666667
yehP,0.096666667
yehQ,0.105
yehR,0.095
yehS,0.09
yehT,0.086666667
yehU,0.236666667
yehV,0.045
yehW,0.058333333
yehX,0.05
yehY,0
yehZ,0.053333333
BglX,0.111666667
dld,0.06
pbpG,0.051666667
yohC,0.093333333
yohD,0.07
yohF,0.05
yohG,0.205
yohH,0.105
yohI,0.098333333
yohJ,0.076666667
yohK,0.078333333
cdd,0.103333333
sanA,0.136666667
B2145,0.096666667
B2146,0.091666667
yeiA,0.108333333
mglC,0.195
mglA,0.17
mglB,0.173333333
galS,0.08
yeiB,0.045
folE,0.09
yeiG,0.075
cirA,0.038333333
lysP,0.06
yeiE,0.09
yeiH,0.11
nfo,0.068333333
yeiI,0.106666667
yeiJ,0
yeiK,0.095
yeiL,0.145
yeiM,0.113333333
yeiN,0.12
yeiC,0.135
fruA,0.088333333
fruK,0.058333333
fruB,0.088333333
yeiO,0.171666667
yeiP,0.063333333
yeiQ,0.101666667
yeiR,0.1
B2174,0.091666667
spr,0.101666667
rtn,0.115
yejA,0.096666667
yejB,0.088333333
yejE,0.06
yejF,0.076666667
yejG,0
Bcr,0
rsuA,0.096666667
yejH,0.135
rplY,0.108333333
yejK,0.081666667
yejL,0.103333333
yejM,0.06
yejO,0.083333333
B2191,0
trs5_8,0.133333333
narP,0.1
ccmH,0.12
dsbE,0.12
ccmF,0.098333333
ccmE,0.088333333
ccmD,0.11
ccmC,0.09
ccmB,0.133333333
ccmA,0.101666667
napC,0.148333333
napB,0.086666667
napH,0.105
napG,0.105
napA,0.111666667
napD,0.13
napF,0.108333333
eco,0.135
yojH,0.045
yojI,0.063333333
alkB,0.081666667
ada,0.091666667
yojL,0.138333333
ompC,0.161666667
yojN,0.058333333
rcsB,0.051666667
rcsC,0.081666667
atoS,0.125
atoC,0.071666667
atoD,0.073333333
atoA,0.098333333
atoE,0.115
atoB,0.088333333
B2225,0.096666667
B2226,0.098333333
B2227,0.103333333
B2228,0.143333333
B2229,0.083333333
yfaA,0.125
gyrA,0.043333333
ubiG,0.061666667
yfaL,0.078333333
nrdA,0.04
nrdB,0.048333333
yfaE,0.058333333
inaA,0.075
yfaH,0.095
glpQ,0.071666667
glpT,0.098333333
glpA,0.13
glpB,0.13
glpC,0.126666667
yfaD,0
B2245,0.135
B2246,0.116666667
B2247,0.098333333
B2248,0.123333333
B2249,0.063333333
B2250,0.096666667
yfaO,0.1
B2253,0.095
B2254,0.058333333
B2255,0.065
B2256,0.118333333
B2257,0.083333333
B2258,0.095
pmrD,0.108333333
menE,0.1
menC,0.116666667
menB,0.203333333
yfbB,0.066666667
menD,0.051666667
menF,0.066666667
elaB,0.223333333
elaA,0
elaC,0.105
elaD,0.105
yfbK,0.203333333
yfbL,0.098333333
yfbM,0.113333333
yfbN,0.186666667
B2274,0.218333333
B2275,0
nuoN,0.276666667
nuoM,0.171666667
nuoL,0.298333333
nuoK,0
nuoJ,0.381666667
nuoI,0
nuoH,0.111666667
nuoG,0.07
nuoF,0.07
nuoE,0.045
nuoC,0.043333333
nuoB,0.051666667
nuoA,0.073333333
lrhA,0
B2290,0
B2291,0.068333333
yfbS,0
yfbT,0.063333333
B2294,0.061666667
B2295,0.071666667
ackA,0.06
pta,0.048333333
yfcC,0.116666667
B2299,0.043333333
yfcE,0.076666667
yfcF,0.045
yfcG,0.07
folX,0.075
B2304,0.053333333
yfcI,0.078333333
hisP,0.083333333
hisM,0.078333333
hisQ,0.123333333
hisJ,0.088333333
argT,0.135
ubiX,0.093333333
purF,0.036666667
cvpA,0.066666667
dedD,0.06
folC,0.083333333
accD,0.083333333
pdxB,0.061666667
div,0.07
fabB,0.028333333
B2324,0.076666667
B2325,0.068333333
B2326,0.05
yfcA,0.205
mepA,0.051666667
aroC,0.046666667
yfcB,0.083333333
B2331,0.078333333
B2332,0.075
B2333,0.093333333
B2334,0.075
B2335,0.128333333
yfcS,0.148333333
B2337,0.165
yfcU,0.081666667
B2340,0.073333333
B2341,0.086666667
B2342,0
B2343,0.108333333
fadL,0.071666667
B2345,0.098333333
vacJ,0.078333333
yfdC,0
intC,0.26
B2350,0.1
B2351,0.095
B2352,0.203333333
B2353,0
B2354,0.105
yfdL,0.116666667
yfdM,0.078333333
yfdN,0.056666667
yfdO,0.083333333
B2359,0.136666667
B2360,0.115
B2361,0.1
B2363,0.073333333
dsdC,0.1
dsdA,0.123333333
emrY,0.125
emrK,0.106666667
evgA,0.091666667
evgS,0.066666667
yfdE,0
B2372,0.1
B2373,0.108333333
B2374,0.105
B2375,0.126666667
B2376,0.098333333
B2377,0.146666667
ddg,0.086666667
B2379,0.046666667
B2380,0
B2381,0.075
B2382,0.096666667
B2384,0.11
B2385,0
B2386,0.096666667
B2387,0.133333333
glk,0.055
B2389,0.056666667
B2390,0.043333333
B2391,0.041666667
B2392,0.031666667
nupC,0.046666667
yi81_3,0.066666667
yfeA,0.075
yfeC,0.07
yfeD,0.108333333
gltX,0.046666667
xapR,0.106666667
xapB,0.148333333
xapA,0.131666667
yfeN,0.121666667
yfeR,0.108333333
yfeH,0.086666667
lig,0.101666667
zipA,0.081666667
cysZ,0.055
cysK,0.04
ptsH,0
ptsI,0.07
crr,0.088333333
pdxK,0.083333333
yfeK,0.12
B2420,0.063333333
cysM,0.048333333
cysA,0.046666667
cysW,0.05
cysU,0.065
cysP,0.121666667
ucpA,0.085
yfeT,0.125
yfeU,0.126666667
B2429,0.103333333
B2430,0.108333333
B2431,0.056666667
B2432,0.108333333
B2433,0.101666667
B2434,0.086666667
amiA,0.098333333
hemF,0.066666667
yfeG,0.106666667
B2439,0.075
eutC,0.063333333
eutB,0.063333333
B2442,0.088333333
B2443,0.09
B2445,0.101666667
B2447,0.085
B2448,0.073333333
B2449,0.096666667
B2450,0.106666667
B2451,0.141666667
eutH,0.141666667
eutG,0
eutJ,0.15
cchB,0.12
cchA,0.113333333
B2459,0.135
B2460,0.17
B2461,0.126666667
B2462,0.105
B2463,0.065
talA,0.096666667
tktB,0.226666667
B2466,0.08
yffH,0.091666667
yffG,0.196666667
narQ,0.126666667
acrD,0.101666667
yffB,0.07
dapE,0.058333333
ypfH,0.068333333
ypfI,0.053333333
B2475,0.038333333
purC,0.051666667
nlpB,0.036666667
dapA,0.043333333
gcvR,0.055
Bcp,0.048333333
hyfA,0.095
hyfB,0.1
hyfD,0.123333333
hyfE,0.066666667
hyfF,0.14
hyfG,0.113333333
hyfH,0.163333333
hyfI,0.098333333
B2490,0
hyfR,0.136666667
perM,0.071666667
B2494,0.058333333
B2495,0.051666667
B2496,0.075
uraA,0
upp,0.068333333
ppk,0.078333333
ppx,0.046666667
B2503,0.113333333
B2504,0.113333333
B2505,0.345
B2506,0.106666667
guaA,0.038333333
guaB,0
xseA,0
B2510,0.101666667
B2511,0
B2512,0.033333333
B2513,0.045
hisS,0.03
gcpE,0.031666667
yfgA,0.045
yfgB,0.068333333
ndk,0.088333333
pbpC,0.073333333
B2520,0
sseA,0.09
sseB,0.136666667
yfhJ,0
fdx,0
hscA,0.04
yfhE,0.048333333
yfhF,0.041666667
B2529,0.036666667
yfhO,0.028333333
B2531,0.035
B2532,0
suhB,0.11
B2534,0.098333333
csiE,0.108333333
hcaT,0.111666667
hcaR,0.131666667
hcaA1,0.088333333
hcaA2,0.066666667
hcaC,0.088333333
hcaB,0.086666667
hcaD,0.098333333
yphA,0.08
yphB,0.085
yphC,0.088333333
yphD,0.118333333
yphF,0.081666667
yphG,0.123333333
yphH,0.101666667
glyA,0.043333333
hmpA,0.071666667
glnB,0.08
yfhA,0.07
yfhG,0.065
yfhK,0
purL,0.035
yfhD,0.115
yfhC,0.063333333
yfhB,0.09
yfhH,0.131666667
yfhL,0.086666667
acpS,0.07
pdxJ,0.061666667
recO,0.085
era,0.048333333
rnc,0.066666667
lepB,0.071666667
lepA,0.04
rseC,0.06
rseB,0.041666667
rseA,0.031666667
rpoE,0.058333333
nadB,0.1
yfiC,0.076666667
srmB,0.153333333
yfiE,0
yfiK,0
yfiD,0.103333333
ung,0.086666667
yfiF,0.096666667
trxC,0.088333333
yfiP,0.096666667
yfiQ,0.103333333
pssA,0.055
yfiM,0.046666667
kgtP,0.025
clpB,0.055
yfiH,0.091666667
sfhB,0.048333333
B2595,0.031666667
B2596,0.11
yfiA,0
pheL,0.078333333
pheA,0.045
tyrA,0.025
aroF,0.033333333
yfiL,0
B2603,0
yfiN,0.073333333
yfiB,0.056666667
rplS,0.106666667
trmD,0.101666667
yfjA,0.086666667
rpsP,0.096666667
ffh,0.046666667
B2611,0.081666667
ypjE,0.086666667
yfjD,0.056666667
grpE,0.068333333
yfjB,0
recN,0.078333333
smpA,0.046666667
B2618,0
B2619,0.105
smpB,0.091666667
intA,0.075
yfjH,0.085
alpA,0.193333333
yfjJ,0.09
yfjL,0.07
yfjN,0.111666667
yfjP,0.128333333
yfjQ,0.318333333
B2635,0.093333333
B2636,0.135
yfjT,0.075
B2638,0.113333333
B2639,0.141666667
B2640,0.091666667
B2641,0.091666667
yfjW,0.058333333
yfjX,0.111666667
yfjY,0.101666667
yfjZ,0.108333333
ypjF,0.103333333
B2648,0.12
B2649,0.108333333
B2650,0.11
B2651,0.088333333
B2653,0.081666667
B2654,0.131666667
B2655,0.066666667
B2656,0.116666667
B2657,0.13
B2658,0.09
B2659,0.093333333
ygaF,0.085
gabD,0.156666667
gabT,0.23
gabP,0
ygaE,0.085
ygaU,0
B2666,0.136666667
B2667,0.09
ygaP,0.155
B2670,0.098333333
ygaC,0.066666667
ygaM,0
nrdH,0.04
nrdI,0.035
nrdE,0.021666667
nrdF,0.03
proV,0.105
proW,0.066666667
proX,0
B2680,0.096666667
B2681,0.14
B2682,0.125
ygaH,0.078333333
emrR,0.09
emrA,0.068333333
emrB,0.07
ygaG,0.29
gshA,0.038333333
B2689,0.075
yqaB,0.096666667
csrA,0.075
alaS,0.033333333
oraA,0.1
recA,0.07
ygaD,0.09
mltB,0.065
srlA,0.105
srlE,0.126666667
srlB,0.126666667
srlD,0.115
gutM,0.105
srlR,0.1
ygaA,0.123333333
ygbD,0.088333333
hypF,0.146666667
hydN,0.075
ascG,0.098333333
ascF,0.106666667
ascB,0.155
hycI,0.175
hycH,0.105
hycG,0.138333333
hycF,0.108333333
hycE,0.131666667
hycD,0.096666667
hycC,0.135
hycB,0.103333333
hycA,0.126666667
hypA,0.09
hypB,0
hypC,0.131666667
hypD,0.133333333
hypE,0.073333333
fhlA,0.05
ygbA,0.09
mutS,0.091666667
pphB,0.115
ygbI,0.191666667
B2736,0.108333333
B2737,0.11
ygbL,0.096666667
ygbM,0.133333333
B2740,0.121666667
rpoS,0.116666667
nlpD,0.111666667
pcm,0.051666667
surE,0.061666667
ygbO,0.078333333
ygbB,0.09
ygbP,0.096666667
B2748,0.103333333
cysC,0.031666667
cysN,0.031666667
cysD,0.041666667
iap,0
ygbF,0.1
B2755,0.101666667
B2756,0.101666667
B2757,0.105
B2758,0.133333333
ygcK,0.081666667
B2760,0.11
ygcB,0.14
cysH,0
cysI,0.031666667
cysJ,0.081666667
ygcM,0.09
ygcN,0
ygcO,0.1
ygcP,0.248333333
ygcQ,0.091666667
ygcR,0.096666667
ygcS,0.366666667
B2772,0.105
ygcU,0.126666667
ygcW,0.1
yqcE,0.098333333
ygcE,0.095
ygcF,0.128333333
ygcG,0.136666667
eno,0.078333333
pyrG,0.061666667
mazG,0
chpA,0.061666667
chpR,0.065
relA,0.175
ygcA,0
BarA,0.076666667
ygcX,0.088333333
ygcY,0.131666667
B2790,0.066666667
B2792,0.088333333
syd,0.098333333
yqcD,0.073333333
ygdH,0.048333333
sdaC,0.108333333
sdaB,0.106666667
exo,0.076666667
fucO,0.158333333
fucA,0
fucP,0.225
fucI,0.163333333
fucK,0
fucU,0.186666667
fucR,0.08
ygdE,0.05
ygdD,0.095
gcvA,0.07
B2809,0.133333333
B2810,0.086666667
ygdK,0.073333333
ygdL,0.088333333
mltA,0.055
argA,0.096666667
recD,0.086666667
recB,0.061666667
ptr,0.116666667
ppdC,0.13
ygdB,0.128333333
ppdB,0.063333333
ppdA,0.11
thyA,0.046666667
lgt,0.041666667
ptsP,0.036666667
ygdP,0.05
mutH,0.111666667
B2832,0.078333333
B2833,0.068333333
B2834,0.051666667
ygeD,0.063333333
aas,0.131666667
galR,0.093333333
lysA,0
lysR,0.136666667
ygeA,0.108333333
araE,0.138333333
kduD,0.148333333
kduI,0.128333333
yqeF,0.16
B2845,0.108333333
yqeH,0.075
yqeI,0.253333333
yqeJ,0.1
yqeK,0.065
ygeF,0.105
ygeG,0.06
ygeH,0.3
B2853,0.083333333
B2854,0.135
ygeK,0.13
B2856,0.111666667
B2857,0.113333333
B2858,0.103333333
B2859,0.09
yi22_4,0.046666667
yi21_4,0.065
B2862,0.09
B2863,0.086666667
B2865,0.123333333
B2866,0.123333333
ygeT,0.188333333
B2868,0.096666667
ygeV,0.2
ygeW,0.061666667
ygeX,0.103333333
ygeY,0.121666667
B2873,0.103333333
yqeA,0.11
B2875,0.093333333
B2876,0.085
ygfJ,0.093333333
B2878,0.105
B2879,0.125
B2880,0.056666667
B2881,0.116666667
ygfO,0
ygfP,0.09
ygfQ,0.081666667
ygfR,0.105
ygfS,0.096666667
ygfU,0.103333333
B2889,0.086666667
lysS,0.036666667
prfB,0.061666667
recJ,0.063333333
dsbC,0.051666667
xerD,0.068333333
fldB,0.11
B2896,0.063333333
ygfY,0.09
ygfZ,0.056666667
B2899,0.045
yqfB,0.098333333
BglA,0.116666667
ygfF,0.163333333
gcvP,0.083333333
gcvH,0.1
gcvT,0.111666667
visC,0.038333333
ubiH,0.048333333
pepP,0.04
ygfB,0.055
ygfE,0.041666667
ygfA,0.066666667
serA,0.028333333
rpiA,0.095
yqfE,0.211666667
iciA,0
sbm,0.063333333
ygfD,0.088333333
ygfG,0.1
ygfH,0.106666667
ygfI,0
yggE,0.058333333
yggA,0.091666667
yggB,0.145
fba,0.12
pgk,0.041666667
epd,0.046666667
yggC,0.105
yggD,0.075
yggF,0.115
B2931,0.103333333
yggP,0.085
cmtA,0.21
cmtB,0.133333333
tktA,0.058333333
yggG,0.163333333
speB,0
speA,0.085
yqgB,0.076666667
yqgC,0.098333333
yqgD,0.046666667
metK,0.028333333
galP,0.096666667
sprT,0.088333333
endA,0
yggJ,0.091666667
gshB,0.043333333
yqgE,0.08
yqgF,0
yggR,0.373333333
yggS,0.1
yggT,0.108333333
yggU,0.06
yggV,0.073333333
yggW,0.051666667
yggM,0.085
ansB,0.091666667
yggN,0.075
yggL,0.085
yggH,0.063333333
mutY,0.073333333
yggX,0.086666667
mltC,0.045
nupG,0.1
speC,0.056666667
yqgA,0.096666667
yghD,0.168333333
yghE,0.081666667
B2970,0.11
B2971,0.096666667
B2972,0.115
B2973,0.098333333
yghK,0.113333333
glcB,0.085
glcG,0
glcF,0.101666667
glcD,0.156666667
glcC,0.108333333
B2981,0.196666667
trs5_9,0.165
yghQ,0.086666667
yghR,0
yghS,0.116666667
yghT,0.121666667
pitB,0.106666667
gsp,0.04
B2989,0.101666667
hybG,0.095
hybF,0
hybE,0.096666667
hybD,0.128333333
hybC,0.086666667
hybB,0.121666667
hybA,0.113333333
B2997,0.106666667
B2998,0.133333333
B2999,0.073333333
B3000,0.133333333
B3001,0.125
yqhA,0.081666667
yghA,0.141666667
B3004,0.078333333
exbD,0.031666667
exbB,0.04
B3007,0.078333333
metC,0.05
yghB,0.055
yqhC,0.108333333
yqhD,0.065
yqhE,0.123333333
yqhG,0.095
yqhH,0.08
B3015,0.1
ygiR,0.058333333
sufI,0.06
plsC,0.071666667
parC,0.07
B3020,0.111666667
B3021,0.076666667
B3022,0.075
B3023,0.185
ygiW,0.265
ygiX,0.116666667
ygiY,0.146666667
B3027,0.106666667
mdaB,0.083333333
ygiN,0.093333333
parE,0.053333333
yqiA,0.058333333
icc,0.046666667
yqiB,0.055
yqiE,0.04
tolC,0.108333333
ygiA,0.066666667
ygiB,0.05
ygiC,0.075
ygiD,0.098333333
ygiE,0.06
ribB,0.075
B3042,0.045
ygiL,0.093333333
yi21_5,0.053333333
yi22_5,0
yqiG,0.088333333
yqiH,0.095
yqiI,0.098333333
glgS,0.11
B3050,0.093333333
B3051,0.13
B3052,0.053333333
glnE,0.053333333
ygiF,0.1
ygiM,0.063333333
cca,0.075
BacA,0.065
ygiG,0.113333333
ygiH,0.131666667
ygiP,0.118333333
ttdA,0.096666667
ttdB,0.103333333
ygjE,0
ygjD,0.143333333
rpsU,0.045
dnaG,0.036666667
rpoD,0.04
ygjF,0.068333333
yqjH,0.09
yqjI,0.073333333
aer,0.058333333
ygjG,0
ygjH,0.063333333
ebgR,0.101666667
ebgC,0.125
ygjI,0.126666667
ygjJ,0.105
ygjK,0.113333333
ygjL,0
ygjM,0.091666667
ygjN,0.09
ygjO,0.105
ygjP,0.136666667
ygjQ,0.081666667
ygjR,0.081666667
ygjT,0.133333333
ygjU,0.05
ygjV,0.076666667
uxaA,0
uxaC,0
exuT,0.111666667
exuR,0
yqjA,0.07
yqjB,0.065
yqjC,0.075
yqjD,0.106666667
yqjE,0.11
B3100,0.115
yqjF,0.081666667
yqjG,0.07
yhaH,0.106666667
yhaI,0.098333333
yhaJ,0.108333333
yhaK,0.248333333
yhaL,0.098333333
yhaM,0.111666667
yhaN,0.123333333
yhaO,0
yhaP,0.145
yhaQ,0.1
yhaR,0.106666667
tdcE,0.113333333
tdcC,0.121666667
tdcB,0.1
tdcR,0.09
yhaB,0.123333333
yhaC,0.093333333
B3122,0.098333333
yhaD,0.083333333
yhaE,0.093333333
yhaF,0.083333333
yhaU,0.18
yhaG,0.188333333
sohA,0.065
yhaV,0.066666667
agaR,0.07
agaZ,0.073333333
agaV,0.098333333
agaW,0.131666667
agaA,0.115
agaS,0.155
agaY,0.125
agaB,0.126666667
agaC,0.105
agaD,0.101666667
agaI,0.101666667
yraH,0.086666667
yraI,0.103333333
yraJ,0.161666667
yraK,0.093333333
yraL,0.081666667
yraM,0.056666667
yraN,0.053333333
yraO,0.061666667
yraP,0.055
yraQ,0.081666667
yraR,0.091666667
yhbO,0.221666667
yhbP,0.138333333
yhbQ,0.078333333
yhbS,0.076666667
yhbT,0.068333333
yhbU,0.14
yhbV,0.118333333
yhbW,0.061666667
mtr,0.058333333
deaD,0.045
yhbM,0.043333333
pnp,0.04
rpsO,0.081666667
truB,0.056666667
rbfA,0.061666667
infB,0.038333333
nusA,0.06
yhbC,0.058333333
argG,0.063333333
yhbX,0.235
secG,0.133333333
mrsA,0.061666667
folP,0.068333333
hflB,0.036666667
ftsJ,0.041666667
yhbY,0.041666667
greA,0.073333333
yhbZ,0.065
yhbE,0.06
rpmA,0.05
rplU,0.038333333
ispB,0.096666667
murA,0.13
yrbA,0.061666667
yrbB,0.056666667
yrbC,0.063333333
yrbD,0.07
yrbE,0.061666667
yrbF,0.048333333
yrbG,0.081666667
yrbH,0.035
yrbI,0.041666667
yrbK,0.026666667
yhbN,0.045
yhbG,0.035
rpoN,0.053333333
yhbH,0
ptsN,0.065
yhbJ,0.056666667
ptsO,0.08
yrbL,0.05
mtgA,0.048333333
yhbL,0.226666667
arcB,0.06
yhcC,0.133333333
gltB,0.031666667
gltD,0.046666667
gltF,0.128333333
yhcA,0.145
yhcD,0.211666667
yhcE,0.093333333
trs5_10,0.258333333
yhcF,0.091666667
yhcG,0.08
yhcH,0.056666667
yhcI,0.098333333
yhcJ,0.098333333
nanT,0.073333333
nanA,0.066666667
yhcK,0.086666667
yhcL,0.143333333
sspB,0.045
sspA,0.045
rpsI,0.068333333
rplM,0.075
yhcM,0
yhcB,0.053333333
degQ,0.063333333
degS,0.066666667
mdh,0.175
argR,0.065
yhcN,0.096666667
yhcO,0.103333333
yhcP,0.093333333
yhcQ,0.136666667
yhcR,0.121666667
yhcS,0.08
tldD,0.06
yhdP,0.076666667
yhdR,0.078333333
cafA,0.043333333
yhdE,0.048333333
mreD,0.061666667
mreC,0.075
mreB,0.058333333
yhdA,0.088333333
yhdH,0.1
B3254,0.08
accB,0.055
accC,0.043333333
yhdT,0.091666667
panF,0.078333333
prmA,0.086666667
yhdG,0.07
fis,0.055
yhdJ,0.078333333
yhdU,0.09
envR,0.105
acrE,0.181666667
acrF,0
yhdV,0.098333333
yhdW,0.12
yhdX,0.145
yhdY,0.118333333
yhdZ,0.136666667
yrdA,0.071666667
yrdB,0.058333333
aroE,0.073333333
yrdC,0.045
yrdD,0.031666667
smg,0.038333333
smf_2,0.041666667
smf_1,0.091666667
def,0.063333333
fmt,0.053333333
sun,0.028333333
trkA,0.048333333
yhdM,0.488333333
yhdN,0
rplQ,0
rpoA,0
rpsD,0
rpsK,0.111666667
rpsM,0.105
rpmJ,0.105
prlA,0.185
rplO,0.106666667
rpmD,0.155
rpsE,0.08
rplR,0.075
rplF,0.056666667
rpsH,0.05
rpsN,0.05
rplE,0.053333333
rplN,0
rplP,0
rpsC,0.208333333
rplV,0.156666667
rpsS,0.116666667
rplB,0.13
rplW,0.11
rplD,0.1
rplC,0.086666667
rpsJ,0.085
pinO,0.103333333
yheD,0.105
yheE,0.335
yheF,0.125
yheG,0.173333333
hofF,0.103333333
hofG,0.17
hofH,0.111666667
yheH,0.118333333
yheJ,0
yheK,0.131666667
pshM,0.093333333
hofD,0.108333333
Bfr,0
yheA,0.12
tufA,0.116666667
fusA,0.09
rpsG,0
rpsL,0.133333333
yheL,0.06
yheM,0.068333333
yheN,0.06
yheO,0.053333333
fkpA,0.061666667
slyX,0.073333333
kefB,0.08
yheR,0.088333333
yheS,0.081666667
yheT,0.063333333
yheU,0.06
prkB,0.045
yhfA,0.056666667
crp,0.053333333
yhfK,0.061666667
argD,0.071666667
pabA,0.088333333
fic,0.04
yhfG,0.08
ppiA,0.116666667
yhfC,0.091666667
nirB,0.105
nirD,0.123333333
nirC,0.121666667
cysG,0.126666667
yhfL,0.081666667
yhfM,0.1
yhfN,0.091666667
yhfO,0.075
yhfP,0
yhfQ,0.086666667
yhfR,0.153333333
yhfS,0.121666667
yhfT,0.113333333
yhfU,0
yhfV,0.141666667
yhfW,0.098333333
yhfY,0.14
yhfZ,0.136666667
trpS,0
gph,0
rpe,0
dam,0.051666667
damX,0.041666667
aroB,0.028333333
aroK,0.071666667
hofQ,0.128333333
yrfA,0.091666667
yrfB,0.101666667
yrfC,0.1
yrfD,0.11
mrcA,0.09
yrfE,0.091666667
yrfF,0.093333333
yrfG,0.073333333
yrfH,0.053333333
yrfI,0.058333333
yhgE,0.121666667
pckA,0.071666667
envZ,0.076666667
ompR,0.233333333
yhgF,0.046666667
feoA,0.083333333
feoB,0.068333333
yhgG,0.085
yhgA,0
BioH,0.098333333
yhgH,0.116666667
yhgI,0.043333333
gntT,0.07
malQ,0.118333333
malP,0.11
malT,0.151666667
yhgJ,0.093333333
rtcA,0.105
rtcB,0.12
rtcR,0
glpR,0.065
glpG,0.083333333
glpE,0.058333333
yzgL,0.118333333
glgP,0
glgA,0
glgC,0.078333333
glgX,0.038333333
glgB,0.041666667
asd,0.061666667
yhgN,0.103333333
gntU_2,0.095
gntU_1,0
gntK,0.083333333
gntR,0.068333333
yhhW,0.083333333
yhhX,0.048333333
yhhY,0.081666667
yhhZ,0.083333333
yrhA,0.073333333
insA_6,0.08
insB_6,0
yrhB,0.085
ggt,0.15
yhhA,0.051666667
ugpQ,0.071666667
ugpC,0.063333333
ugpE,0.093333333
ugpA,0.073333333
ugpB,0.113333333
livF,0.045
livG,0.073333333
livM,0.065
livH,0.145
livK,0.063333333
yhhK,0.106666667
livJ,0.161666667
rpoH,0.06
ftsX,0.056666667
ftsE,0.071666667
ftsY,0.056666667
yhhF,0.083333333
yhhL,0.13
yhhM,0
yhhN,0.103333333
zntA,0.196666667
yhhP,0.09
yhhQ,0.056666667
B3472,0.04
yhhS,0.101666667
yhhT,0.101666667
yhhU,0.081666667
nikA,0.153333333
nikB,0.16
nikC,0.146666667
nikD,0.153333333
nikE,0.376666667
yhhG,0.076666667
rhsB,0.086666667
yhhH,0.093333333
yhhJ,0
yhiH,0.085
yhiI,0.138333333
yhiJ,0.101666667
yhiK,0.131666667
yhiL,0.073333333
yhiM,0.065
yhiN,0.076666667
pitA,0.058333333
yhiO,0
uspA,0.105
yhiP,0.078333333
yhiQ,0.078333333
prlC,0.036666667
yhiR,0
gor,0.108333333
arsR,0.098333333
arsB,0.121666667
arsC,0.151666667
yhiS,0.116666667
trs5_11,0
slp,0.045
yhiF,0.043333333
yhiD,0
hdeB,0.1
hdeA,0
hdeD,0.056666667
yhiE,0.068333333
yhiU,0.046666667
yhiV,0.045
yhiW,0.038333333
yhiX,0.071666667
gadA,0.12
yhjA,0.053333333
treF,0.048333333
yhjB,0.076666667
yhjC,0.076666667
yhjD,0.063333333
yhjE,0.056666667
yhjG,0
yhjH,0.081666667
kdgK,0
yhjJ,0.098333333
dctA,0.128333333
yhjK,0.078333333
yhjL,0.14
yhjM,0.128333333
yhjN,0.161666667
yhjO,0.093333333
yhjQ,0.048333333
yhjR,0.066666667
yhjS,0.036666667
yhjT,0.083333333
yhjU,0.036666667
yhjV,0
dppF,0
dppD,0.088333333
dppC,0.085
dppB,0.145
dppA,0.086666667
yhjW,0.095
yhjX,0.083333333
yhjY,0.071666667
tag,0.053333333
yiaC,0.075
BisC,0.04
yiaD,0.136666667
yiaE,0.118333333
yiaF,0.066666667
yiaG,0
cspA,0.115
yi5A,0.103333333
t150,0.131666667
glyS,0.043333333
glyQ,0.038333333
yiaA,0.09
xylB,0.086666667
xylA,0.196666667
xylF,0.135
xylG,0.08
xylH,0.191666667
xylR,0.13
Bax,0.043333333
malS,0.196666667
avtA,0
yiaI,0.061666667
yiaK,0
yiaL,0.088333333
yiaM,0.046666667
yiaO,0.113333333
lyxK,0.116666667
sgbH,0.096666667
sgbU,0.113333333
sgbE,0.09
yiaT,0.09
yiaU,0
yiaW,0.1
aldB,0.216666667
yiaY,0.12
selB,0.048333333
selA,0.06
yibF,0.073333333
rhsA,0.098333333
yibJ,0.11
mtlA,0.061666667
mtlD,0.046666667
mtlR,0.085
lldP,0.116666667
lldR,0.068333333
lldD,0.103333333
yibK,0.091666667
cysE,0.058333333
gpsA,0.065
secB,0.06
grxC,0.068333333
yibN,0.068333333
yibP,0.076666667
tdh,0.123333333
kbl,0.195
htrL,0.076666667
rfaD,0.073333333
rfaF,0.075
rfaC,0.123333333
rfaL,0
rfaK,0
rfaZ,0.138333333
rfaY,0
rfaJ,0
rfaI,0
rfaB,0
rfaS,0.061666667
rfaP,0.04
rfaG,0.063333333
rfaQ,0.043333333
kdtA,0.081666667
kdtB,0.06
mutM,0.093333333
rpmG,0.058333333
rpmB,0.056666667
radC,0.068333333
dfp,0.04
dut,0.066666667
ttk,0.063333333
pyrE,0.088333333
rph,0.156666667
yicC,0.098333333
dinD,0.101666667
yicG,0.09
gmk,0.048333333
rpoZ,0.055
spoT,0.056666667
spoU,0.036666667
recG,0.046666667
gltS,0.12
yicH,0.045
yicJ,0.17
yicL,0.09
nlpA,0.093333333
yicN,0.081666667
yicP,0.133333333
uhpT,0.136666667
uhpC,0.145
uhpB,0.091666667
uhpA,0.076666667
ilvN,0.083333333
ilvB,0.13
ivbL,0.073333333
emrD,0.125
yidF,0.106666667
yidH,0.076666667
yidI,0.115
yidK,0.128333333
yidL,0.111666667
glvG,0
glvB,0.123333333
glvC,0
yidP,0.085
yidE,0.076666667
ibpB,0.133333333
ibpA,0
yidQ,0.045
yidR,0.05
yidS,0.103333333
dgoT,0.103333333
dgoA,0.146666667
dgoK,0.093333333
B3694,0
yidW,0.105
yidB,0.078333333
gyrB,0.041666667
recF,0.07
dnaN,0.04
dnaA,0.031666667
rpmH,0.075
rnpA,0.055
thdF,0.068333333
tnaL,0.09
tnaA,0.085
tnaB,0.158333333
yidZ,0.176666667
yieE,0.088333333
yieF,0.126666667
yieG,0.065
yieH,0.086666667
yieI,0.086666667
yieJ,0.095
yieK,0.121666667
yieL,0.106666667
yieC,0.093333333
BglB,0.11
BglF,0.108333333
BglG,0.103333333
phoU,0.138333333
pstB,0.065
pstA,0.078333333
pstC,0.115
pstS,0.075
glmS,0.046666667
glmU,0.11
atpC,0
atpD,0
atpG,0.211666667
atpA,0.096666667
atpH,0.086666667
atpF,0.076666667
atpE,0.085
atpB,0.071666667
atpI,0.098333333
gidB,0.075
gidA,0.041666667
mioC,0.053333333
asnC,0.103333333
asnA,0.1
yieM,0.053333333
yieN,0.065
kup,0.1
rbsA,0.131666667
rbsC,0
rbsB,0.128333333
rbsK,0.113333333
rbsR,0.075
yieO,0.086666667
yieP,0.078333333
yifA,0.058333333
pssR,0.076666667
yifE,0.076666667
yifB,0.076666667
ilvL,0.103333333
ilvG_1,0.046666667
,0.051666667
ilvM,0.076666667
ilvE,0.065
ilvD,0.046666667
ilvA,0.07
ilvY,0.126666667
ilvC,0.023333333
ppiC,0.093333333
B3776,0.096666667
rep,0.096666667
gppA,0.05
rhlB,0.055
trxA,0.046666667
rhoL,0.063333333
rho,0.036666667
rfe,0.075
wzzE,0.073333333
wecB,0.051666667
wecC,0.058333333
rffG,0.083333333
rffH,0.14
wecD,0.115
wecE,0.156666667
wzxE,0.186666667
wecF,0
wecG,0.126666667
yifK,0.146666667
aslB,0.148333333
aslA,0.076666667
hemY,0.043333333
hemX,0.046666667
hemD,0.073333333
hemC,0.101666667
cyaA,0.04
cyaY,0.065
B3808,0.096666667
dapF,0.055
yigA,0.05
xerC,0.051666667
uvrD,0.058333333
B3814,0.1
yigE,0.163333333
corA,0.061666667
yigF,0.083333333
yigG,0.096666667
rarD,0.108333333
yigI,0.083333333
pldA,0.056666667
recQ,0.101666667
yigJ,0.066666667
yigK,0.06
pldB,0.053333333
yigL,0.083333333
yigM,0.056666667
metR,0.095
metE,0.07
ysgA,0.063333333
udp,0.198333333
yigN,0.068333333
ubiE,0.055
yigP,0.083333333
yigR,0.048333333
B3836,0.046666667
B3837,0.056666667
B3838,0.033333333
yigU,0.053333333
yigW_1,0.11
rfaH,0.06
yigC,0.056666667
ubiB,0.043333333
fadA,0.08
fadB,0.113333333
pepQ,0.04
yigZ,0.065
hemG,0.063333333
mobB,0.085
mobA,0.15
yihE,0.086666667
dsbA,0.065
yihF,0.126666667
yihG,0.073333333
polA,0.05
yihA,0.053333333
yihI,0.103333333
hemN,0.051666667
glnG,0.063333333
glnL,0.061666667
glnA,0.108333333
yihK,0.046666667
yihL,0.09
yihM,0.081666667
yihN,0.14
yshA,0.088333333
yihO,0.08
yihP,0.146666667
yihQ,0.16
yihR,0.11
yihU,0.11
yihW,0.063333333
rbn,0.08
yihZ,0.05
yiiD,0.153333333
yiiF,0.095
fdhE,0.09
fdoI,0.071666667
fdoG,0.07
fdhD,0.103333333
yiiG,0.11
frvR,0.125
frvX,0.076666667
frvB,0.076666667
frvA,0.093333333
yiiL,0.096666667
rhaD,0.076666667
rhaA,0.078333333
rhaB,0.068333333
rhaS,0.138333333
rhaR,0.081666667
rhaT,0.085
sodA,0.196666667
kdgT,0.088333333
cpxA,0.043333333
cpxR,0.101666667
B3913,0.116666667
B3914,0.095
yiiP,0.073333333
pfkA,0.05
sbp,0.096666667
cdh,0.096666667
tpiA,0.046666667
yiiQ,0.135
fpr,0.065
glpX,0.09
glpK,0.118333333
glpF,0.126666667
menG,0.055
menA,0.318333333
hslU,0.058333333
hslV,0.055
ftsN,0.088333333
cytR,0.075
priA,0.113333333
rpmE,0.096666667
yiiX,0.075
metJ,0.06
metB,0.051666667
metL,0.033333333
metF,0.035
katG,0.085
yijE,0.101666667
yijF,0.176666667
gldA,0.285
ptsA,0.388333333
yijI,0.141666667
frwC,0.265
frwB,0.196666667
pflD,0.136666667
pflC,0.138333333
frwD,0.168333333
yijO,0.145
yijP,0.06
ppc,0.03
argE,0.09
argC,0.09
argB,0.065
argH,0.058333333
oxyR,0.061666667
udhA,0.04
yijC,0.1
yijD,0.096666667
trmA,0.091666667
BtuB,0
murI,0.08
murB,0.078333333
BirA,0.053333333
coaA,0.096666667
B3975,0.098333333
tufB,0.136666667
secE,0.075
nusG,0.055
rplK,0.05
rplA,0.058333333
rplJ,0.065
rpoB,0
rpoC,0
htrC,0.36
thiH,0
thiG,0.133333333
thiF,0.081666667
thiE,0.125
thiC,0.12
yjaE,0.063333333
yjaD,0.063333333
hemE,0.095
nfi,0.076666667
yjaG,0.056666667
hupA,0
yjaH,0.088333333
hydH,0.273333333
hydG,0.106666667
purD,0.086666667
purH,0.051666667
yjaA,0.085
yjaB,0.165
metA,0.035
aceB,0.1
aceA,0.191666667
aceK,0.066666667
arp,0
iclR,0.1
metH,0.038333333
yjbB,0
pepE,0.121666667
yjbC,0.101666667
yjbD,0.1
lysC,0.058333333
pgi,0.04
yjbE,0.2
yjbF,0.136666667
yjbG,0.126666667
xylE,0.075
malG,0
malF,0.14
malK,0.115
lamB,0.091666667
malM,0.075
yjbI,0.111666667
ubiC,0
ubiA,0.066666667
plsB,0.063333333
dgkA,0.101666667
lexA,0.091666667
dinF,0.158333333
yjbJ,0
yjbK,0.19
yjbL,0.096666667
yjbM,0.186666667
yjbN,0.09
yjbO,0.09
qor,0.048333333
dnaB,0.058333333
alr,0
tyrB,0.128333333
aphA,0.106666667
yjbQ,0.071666667
yjbR,0.14
uvrA,0.04
ssb,0.053333333
yjcB,0.071666667
yjcC,0.09
soxS,0.088333333
soxR,0.075
yjcD,0.08
yjcE,0.121666667
yjcF,0.138333333
yjcG,0.155
yjcH,0.106666667
acs,0.136666667
nrfA,0.113333333
nrfB,0.063333333
nrfC,0.115
nrfD,0.121666667
nrfE,0.173333333
nrfF,0.083333333
nrfG,0.108333333
gltP,0.095
yjcO,0.091666667
yjcP,0.113333333
yjcQ,0.133333333
yjcR,0.115
yjcS,0.151666667
yjcV,0.133333333
yjcW,0
yjcX,0.118333333
rpiB,0.17
phnQ,0.113333333
phnP,0.105
phnO,0.098333333
phnN,0.123333333
phnM,0.196666667
phnL,0.28
phnK,0.12
phnJ,0.076666667
phnI,0.068333333
phnH,0.058333333
phnG,0.095
phnF,0.101666667
B4103,0.165
phnE,0.058333333
phnD,0.133333333
phnC,0.083333333
phnB,0.093333333
phnA,0.085
yjdA,0.095
yjcZ,0.078333333
proP,0.046666667
BasS,0.073333333
BasR,0.083333333
yjdB,0
yjdE,0.123333333
adiY,0.096666667
adiA,0.095
melR,0.106666667
melA,0
melB,0.09
yjdF,0.076666667
fumB,0.206666667
dcuB,0.101666667
yjdG,0.081666667
yjdH,0.073333333
yjdI,0.05
yjdJ,0.056666667
yjdK,0.105
lysU,0.075
yjdL,0.116666667
cadA,0.085
cadB,0.165
cadC,0.093333333
yjdC,0.055
dsbD,0.05
cutA,0.098333333
dcuA,0
aspA,0.103333333
B4140,0.103333333
yjeH,0.11
mopB,0.083333333
mopA,0.058333333
yjeI,0.051666667
yjeJ,0.065
yjeK,0.051666667
efp,0.053333333
sugE,0.075
Blc,0.06
ampC,0.098333333
frdD,0.138333333
frdC,0.14
frdB,0.093333333
frdA,0.103333333
yjeA,0.141666667
yjeM,0.101666667
yjeN,0.095
yjeO,0.101666667
yjeP,0.061666667
psd,0.035
yjeQ,0.048333333
yjeR,0.063333333
yjeS,0.078333333
yjeF,0.053333333
yjeE,0.071666667
amiB,0.061666667
mutL,0.045
miaA,0.081666667
hfq,0.083333333
hflX,0.043333333
hflK,0.036666667
hflC,0.053333333
yjeT,0.175
purA,0.078333333
yjeB,0.088333333
vacB,0.046666667
yjfH,0.055
yjfI,0.111666667
yjfJ,0
yjfK,0.108333333
yjfL,0.113333333
yjfM,0.103333333
yjfC,0.13
aidB,0.068333333
yjfN,0.083333333
yjfO,0
yjfP,0.08
yjfQ,0.208333333
yjfR,0.1
sgaT,0.148333333
sgaB,0.076666667
ptxA,0.095
sgaH,0.088333333
sgaU,0.221666667
sgaE,0.091666667
yjfY,0
rpsF,0.105
priB,0.113333333
rpsR,0.103333333
rplI,0.093333333
yjfZ,0.098333333
ytfA,0.098333333
ytfB,0.05
fklB,0.158333333
cycA,0.091666667
ytfE,0.116666667
ytfF,0.12
ytfG,0.151666667
ytfH,0.168333333
cpdB,0.091666667
cysQ,0.09
ytfI,0.096666667
ytfJ,0.061666667
ytfK,0.126666667
ytfL,0.063333333
msrA,0.061666667
ytfM,0.073333333
ytfN,0.055
ytfP,0.055
yjfA,0.056666667
chpS,0.09
chpB,0.076666667
ppa,0.05
ytfQ,0.095
ytfR,0.096666667
ytfS,0.113333333
ytfT,0.165
yjfF,0.091666667
fbp,0.093333333
yjfG,0.066666667
yjgA,0.073333333
pmbA,0.048333333
cybC,0.058333333
nrdG,0.105
nrdD,0.09
treC,0.071666667
treB,0.098333333
treR,0.1
mgtA,0.305
yjgF,0.101666667
pyrI,0.13
pyrB,0.11
pyrL,0.146666667
yjgG,0
yjgH,0.135
yjgI,0.15
B4250,0.121666667
yjgJ,0.105
yjgK,0.103333333
yjgL,0.101666667
argI,0.16
yjgD,0.065
B4256,0.108333333
yjgN,0.221666667
valS,0.036666667
holC,0.066666667
pepA,0.051666667
yjgP,0.091666667
yjgQ,0.06
yjgR,0.093333333
idnR,0.051666667
idnT,0.143333333
idnO,0.118333333
idnD,0.068333333
idnK,0.068333333
yjgB,0.093333333
intB,0.098333333
yi21_6,0.085
yjgW,0.108333333
yjgX,0.165
yjgY,0.07
yjgZ,0.118333333
yi41,0.131666667
yjhB,0.128333333
yjhC,0.083333333
yjhD,0.123333333
yjhE,0.093333333
yi91b,0.108333333
tra8_3,0
B4285,0.116666667
B4286,0
fecE,0.141666667
fecD,0.116666667
fecC,0.098333333
fecB,0.076666667
fecA,0.045
fecR,0.04
fecI,0.041666667
insA_7,0.13
yjhU,0.081666667
yjhF,0.066666667
yjhG,0.093333333
yjhH,0.113333333
yjhI,0.076666667
sgcR,0.075
sgcE,0.156666667
sgcA,0.123333333
sgcQ,0.06
sgcX,0.101666667
yjhP,0.081666667
yjhQ,0.135
yjhR,0.093333333
yjhS,0.093333333
yjhT,0.083333333
yjhA,0.105
fimB,0.101666667
fimE,0.123333333
fimA,0.105
fimI,0.088333333
fimC,0.061666667
fimD,0.085
fimF,0.073333333
fimG,0.081666667
fimH,0
gntP,0.111666667
uxuA,0.058333333
uxuB,0.07
uxuR,0
yjiC,0.1
yjiD,0.11
yjiE,0.071666667
iadA,0.23
yjiG,0.095
yjiH,0.1
yjiI,0
yjiJ,0.11
yjiK,0.093333333
yjiL,0.12
yjiM,0
yjiN,0.098333333
yjiO,0.141666667
yjiP,0.11
yjiQ,0.106666667
yjiR,0
yjiS,0.431666667
yjiT,0.143333333
yjiU,0.086666667
mcrD,0.141666667
mcrC,0.08
mcrB,0.125
yjiW,0.106666667
hsdS,0.056666667
hsdM,0.081666667
hsdR,0.128333333
mrr,0.118333333
yjiA,0.13
yjiX,0.145
tsr,0.141666667
yjiZ,0.145
yjjM,0.131666667
yjjN,0.106666667
yjjA,0.073333333
dnaC,0.08
dnaT,0.091666667
yjjB,0.098333333
yjjP,0.113333333
yjjQ,0.123333333
BglJ,0.066666667
fhuF,0
yjjT,0.046666667
holD,0.083333333
rimI,0.113333333
yjjG,0.081666667
prfC,0.058333333
osmY,0.13
yjjU,0.04
yjjV,0.053333333
yjjW,0.101666667
yjjI,0.15
deoA,0.263333333
deoB,0.228333333
deoD,0.161666667
yjjJ,0.141666667
lplA,0.095
smp,0.131666667
serB,0.065
sms,0.051666667
nadR,0.075
yjjK,0.055
slt,0.073333333
trpR,0.101666667
yjjX,0.081666667
gpmB,0.106666667
rob,0.05
creA,0.086666667
creB,0.068333333
creC,0.07
creD,0.09
arcA,0.043333333
yjjY,0.063333333
lasT,0.085
yifM_1,0
yifM_2,0.125