Protein,mRNA
94.71,NA
104.65,NA
61.92,11.21
93.48,NA
79.67,NA
11.23,10.26
126.33,17.5
146.19,15.89
156.95,13.78
56.98,3.85
232.62,15.1
353.55,NA
173.71,14.29
67.3,14.39
76.26,10.38
115.73,16.04
136.33,13.73
214.8,12.78
163.81,9.18
121.22,18.14
232.5,15.53
149.73,NA
166.86,NA
136.68,21
125.88,19.97
50.34,12.63
107.35,10.3
90.65,15.9
111.89,11.11
185.87,10.99
139.91,3.13
77.4,19.09
146.2,15.69
143.71,17.75
173.25,6.32
234.01,11.52
127.29,9.58
30.96,NA
159.19,23.93
169.16,NA
111.15,14.94
51.91,NA
89.04,12.28
117.37,NA
214.8,13.25
47.91,5.86
187.52,15.47
61.08,21.99
179.27,15.09
172.09,15.3
80.35,NA
131.48,NA
395.54,26.77
136.95,11.6
89.46,18.79
177.85,NA
167.68,23.84
195.53,7.51
159.34,26.14
82.38,NA
111.57,9.99
113.9,15.72
153.61,12.7
93.18,18.46
117.92,14.21
229.98,15.47
126.56,5.3
75.08,NA
126.7,14.26
111.06,25.74
150.84,6.53
155.41,16.36
529.93,21.06
195.66,18.21
186.74,NA
152.89,NA
113.97,9.86
60.99,15.91
130.25,9.63
148.32,13.78
170.13,NA
142.48,14.91
121.61,9.55
149.28,17.99
128.83,15.92
131.75,NA
74.13,8.97
202.13,NA
137.05,19.23
100.86,21.49
183.25,14.86
129.09,NA
161.78,15.14
59.33,22.62
196.27,16.07
150.62,10.22
58.86,18.37
18.44,NA
46.96,13.62
134.46,7.55
44.44,14.55
129.16,16.86
85.83,NA
115.89,10.1
152.87,NA
134.93,NA
168.05,16
131.87,NA
140.33,NA
83.15,13
46.26,13.15
110.74,7.84
115.01,NA
144.05,23.67
196.11,11.13
122.22,16.42
255.53,17.07
67.67,12.15
84.17,17.52
153.27,16.2
271.11,21.92
123.14,6.82
234.25,NA
38.85,26.67
56.87,10.03
219.74,8.21
160.59,NA
134.19,NA
86.36,25.68
51.31,16.2
78.53,10.44
122.11,27.69
107.36,27.91
169.38,11.95
125.98,NA
77.78,NA
144.81,21.5
78.32,23.62
117.21,15.31
239.92,18.5
49.22,18.35
87.11,NA
204.72,19.27
122.47,NA
78.12,16.05
272.68,21.21
134.87,9.04
66.72,13.25
70.55,9.88
59.77,15.69
152.93,11.99
90.61,11.42
250.92,24.57
74.91,11.04
73.5,18.99
80.92,5.27
94.09,17.53
30.2,31.92
179.49,12.39
99.97,10.07
97.12,10.56
88.68,NA
121.68,25.94
85,NA
119.04,27.85
285.1,10.54
169.22,12.17
33.25,10.92
70.41,18.13
229.74,NA
98.31,10.89
63.24,10.69
59.42,11.6
324.85,17.26
412.94,19.1
79.73,13.66
118.55,14.96
93.83,NA
138.16,16.55
29.1,11.53
461.37,13
85.54,11.48
59.3,13.55
100.73,8.23
157.35,15.33
50.6,11.67
317.08,18.48
179.82,12.31
259.79,12.32
191.19,13.76
93.17,15.78
168.57,17.15
145.82,NA
196.93,NA
19.83,8.71
149.53,12.33
76.51,10.11
129.55,22.13
97.97,12.1
77.45,13.3
98.87,NA
153.45,NA
74.68,15.08
86.28,12.45
191.08,10.54
43.04,6.23
308.03,12.15
90.61,13.37
209.34,12.54
84.8,11.45
10.77,5.39
50.1,20.17
216.16,7.6
132.96,10.97
70.65,11.62
21.88,8.9
71.22,NA
96.79,19.06
140.04,10.36
70.44,14.47
94.27,11.11
73.27,16.81
15.95,14.45
78.77,13.61
356.14,15.33
104.14,10.2
37.85,8.13
411.79,15.78
78.32,NA
208.11,15.82
61.07,10.47
79.42,18.6
81.04,NA
120.53,14.78
176.87,8.97
16.94,10.96
102.72,10.36
34.54,11.05
55.36,NA
91.08,10.68
122.94,9.95
72.85,11.68
109.73,NA
103.48,6.58
88.76,20.85
25.45,17.79
72.78,NA
119.46,9.69
194.28,11.92
43.93,6.38
157.33,16.72
26.35,13.2
64.49,10.84
197.99,13.19
123.51,12.77
97.08,25.59
87.76,9.44
61.52,16.9
296.02,9.85
26.34,15.75
61.32,11.41
240.14,13.95
149.11,11.45
249.06,12.56
123.36,12.85
135.41,34.09
378.32,14.45
326.85,14.35
45.34,10.7
621.7,13.86
129.59,15.84
127.11,10.49
77.51,15.87
165.94,14.6
145,16.34
96.59,11.27
85.46,13.78
601.25,15.09
344.38,NA
86.12,13.51
57.95,13.16
167.28,27.15
104.54,11.13
126.39,15.01
62.75,12.61
47.61,9.65
200.32,13.45
28.89,NA
81.15,5.65
77.38,11.89
130.11,10.48
50.95,12.57
105.37,13.87
44.52,14.77
106.87,10.3
111.12,16.68
152.77,11.81
18.96,18.7
71.51,15.96
102.94,13.09
50.32,NA
21.66,7.76
81.36,18.51
73.14,NA
92.6,16.2
173.58,15.91
65.36,10.68
117.04,6.85
147.03,11.62
136.75,8.89
93.91,7.7
67.19,15.3
72.71,5.94
253.09,17.22
18.24,10.17
125.33,8.15
53.54,12.54
48.43,8.3
114.44,NA
54.34,8.26
135.01,8.55
125.12,19.1
38.54,9.16
6.52,4.99
19.53,8.51
301.11,NA
70.84,14.17
94.13,7.39
313.48,15.58
48.78,12.27
107.26,15.47
64.44,11.61
186.2,16.66
30.99,12.91
107.64,9.73
46.26,NA
68.07,13.52
87.15,14.5
109.95,9.63
67.42,14.1
265.83,19.79
98.25,10.1
167.55,16.85
146.33,14.72
137.91,NA
40.52,13.71
118.37,13.36
54.72,16.74
148.41,10.3
73.99,9.42
263.8,11.38
88.59,13.77
171.22,16.75
11.18,16.44
50.77,13.66
193.64,11.55
50.94,6.82
98.68,11.26
52.36,13.25
53.44,9.08
237,10.04
53.2,9.87
120.34,16.8
55.13,13.75
78.87,10.8
105.29,26.78
384.69,16.75
10.98,NA
197.49,7.69
120.11,9.91
25.65,11.72
42.66,14.11
95.84,5.09
94.45,9.06
76.44,12.68
120.31,25.21
15.53,11.73
151.77,12.71
68.86,14.35
146.86,6.9
100.8,10.07
28.67,14.12
57.12,14.95
133.57,11.59
107.44,12.33
49.77,14
46.83,13.25
135.21,9.29
49.48,8.24
39.79,13.13
52.94,7.52
63.03,12.34
98.01,16.33
118.68,14.58
93.54,10.68
80.27,10.43
28.43,18.53
204.29,12.52
9.15,NA
121.73,6.86
71.39,15.62
189.88,6.96
3809.6,21.48
73.09,10.87
48.05,12.89
65.11,22.46
63.15,12.46
42.07,11.85
60.47,11.55
54.14,14.8
110.88,10.39
68.39,14.43
37.87,14.92
177.27,NA
50.36,15.07
48.39,11.95
77.01,10.52
40.87,19.23
114.02,12.29
88.61,10.14
64.7,8.85
89.28,17.32
168.69,20.39
80.69,9.49
170.78,20.9
84.25,13.77
76.14,15.16
111.45,8.69
90.47,7.39
194.93,17.88
119.23,22.43
77.91,10.19
79.75,8.45
52.59,7.47
5763.7,11.63
153.63,11.83
99.89,7.48
86.79,15.09
167.99,12.42
96.39,NA
185.12,9.74
64.64,11.8
124.3,9.51
84.17,38.12
121.89,14.63
48.74,9.61
49.93,13.29
117.44,19.27
61.47,14.42
79.35,10.64
420.08,20.23
76.48,17.22
47.02,8.64
72.67,10.67
162.05,11.73
107.92,8.32
59.06,8.23
47.1,10.55
65.21,13.2
140.41,8.29
33.67,12.24
78.8,12.07
70.32,9.31
183.56,11.98
72.51,7.19
179.44,10.87
81.13,13.86
54.21,7.28
100.04,22.21
55.68,20.47
47.83,8.58
138.7,12.77
107.22,9.77
40.81,17.32
149.77,17.04
151.3,13.12
44.62,9.2
75,11
141.26,11.95
31.45,18.79
47.83,17.41
103.23,19.47
84.45,12.99
110.38,9.04
265.17,8.17
97.42,6.63
117.47,8.2
41.84,11.06
41.81,11.61
69.79,9.47
667.35,12.74
14.7,11.31
161.75,22.27
77.53,11.96
25.83,14.78
403.21,8.5
28.47,13.14
403.14,18.06
46.24,16.83
297.4,19.98
24.86,10.84
136.42,28.8
88.09,10.13
16.9,11.85
115.62,10.25
57.49,12.45
56.02,8.48
49.78,36.18
170.91,21.82
163.84,17.8
38.46,7.45
93.44,13.85
48,16.5
65.23,14.74
67.04,22.53
764.13,12.24
112.18,8.84
65.67,12.73
42.69,15.7
84.3,17.22
73.04,18.68
58.07,9.43
181.48,12.73
157.89,12.96
16.13,4.76
46.92,13.18
82.2,11.47
12.74,18.35
169.01,8.53
27.64,10.01
99.79,9.04
76.85,9.23
87.49,9.16
273.31,15.93
27.2,10.27
57.76,10.81
58.82,8.51
33.35,9.44
78.9,8.48
126.31,15.05
46.39,10.18
80.23,6.99
237.74,NA
108.92,11.32
34.63,13.12
42.29,8.07
71.84,11.38
66.82,9.59
47.76,28.42
55.46,15.21
25.74,12.86
94.63,10.84
542.17,9.88
41.57,6.69
69.82,20.68
28.63,6.89
16.94,NA
33,12.88
23.88,8.73
15.42,15.26
63.12,13.45
63.33,8.96
28.98,18.27
2363.5,16.17
49.02,9.5
141.89,14.6
172.6,9.49
79.05,6.78
227.83,NA
35.32,9.5
163.48,15.78
31.83,12.71
252.34,9.24
85.81,14.15
24.34,9.74
135.56,9.33
93.85,7.03
148.35,18.28
494.36,21.11
666,11.79
55.99,8.35
44.5,8.81
104.56,11.83
280.91,14.68
64.25,12.61
78.69,NA
63,12.84
154.56,13.9
81.03,20.05
66.49,14.08
35.05,17.81
148.61,NA
35.54,12.75
706.59,18.21
189.87,10.89
35.08,2.75
28.56,16.67
167.16,5.04
67.87,16.04
42.4,8.96
8.6,8.64
129.25,17.75
39.77,15.06
68.16,20.43
251.46,17.23
91.67,18.79
37.95,5.98
119.85,17.59
67.26,26.48
172.45,15.22
314.06,9.58
96.29,9.32
309.62,12.91
73.27,16.24
54.48,13.49
144.03,10.07
53.54,22.11
114.16,7.14
289.5,15.95
73.02,11.69
89.72,24.35
109.4,11.63
65.85,15.29
71.34,10.01
96.65,13.8
51.88,7.91
17.97,10.75
60.11,24.81
70.1,13.68
103.28,12.59
76.93,12.83
83.41,11.48
325.17,11.66
260.7,15.22
603.92,14.56
57.42,10.31
49.89,10.25
142.7,NA
79.03,7.16
864.87,9.84
240.01,13.6
62.32,22.09
13.13,22.91
26.24,21.24
81.66,13.9
65.3,24.36
45.2,13.75
99.73,9.48
143.91,8.43
401.82,17.63
72.47,5.87
38.58,5.42
45.38,21.16
433.65,15.87
134.2,11.78
46.98,9.42
81.57,27.47
76.07,18.34
95.87,10.59
66.42,11.73
122.22,10.97
60.08,11.53
59.57,11.11
185.1,11.51
112.03,21.54
159.35,12.88
53.53,15.1
93.99,12.84
23.4,13.36
11.49,5.75
56.52,22.2
106.12,6.05
67.71,11.82
24.14,9.3
72.3,14.75
48.11,16.08
25.56,9.53
88.51,12.02
43.59,12.47
150.9,NA
602,14.73
72.03,9.09
60.67,8.85
89.96,13.98
46.26,12.75
44.08,9.45
100.47,13.06
76.39,5.47
79.8,NA
73.87,12.78
79.64,12.19
14.38,19.69
97.37,NA
63.7,8.23
76.45,9.2
126.01,10.66
57.94,11.98
73.98,9.82
283.21,11.47
45.84,NA
506.14,8.4
58.07,11.51
48.7,8.85
7.52,10.72
82.43,17.68
79.15,9.83
193.29,NA
159.46,NA
56.8,13.59
42.03,3.12
34.65,13.53
17.22,8.45
28.6,15.6
55.97,7.81
80.28,15.37
70.5,5.68
51.56,14.07
44.42,18.19
92.16,NA
69.38,8.92
26.71,11.61
50.56,13.96
133.08,11.89
59.52,9.05
19.31,15.95
103.71,8.67
21.76,NA
43.27,NA
23.97,10.43
53.13,7.41
121.32,19.67
212.56,NA
120.29,7.46
162.68,7.79
76.77,23.54
333.95,8.42
30.47,16.69
94.94,21.32
56.91,NA
327.6,12.09
33.98,9.63
113.2,9.52
33.03,13.49
87.38,16.32
93.88,NA
44.27,5.47
37.16,20.74
54.64,11.46
722.19,8.5
89.87,10.96
25.34,11.32
198.15,14.24
20.8,8.21
211.45,5.21
61.84,12.83
26.91,12.27
55.24,9.63
69.89,10.82
58.74,10.54
139.71,6.35
400.6,10.78
50.01,9.13
182.3,22.5
85.92,10.97
149.52,12.24
204.79,NA
296.85,11.15
55.66,12.45
68.81,9.27
65.93,9.17
127.92,14.87
57.02,6.47
108.23,12.1
130.95,19.07
71.7,15.57
28.18,7.19
90.42,27.46
33.28,6.01
57.3,13.68
94.84,11.29
90,9.57
176.33,14.69
16.88,5.41
46.95,12.49
123.48,9.19
26.79,7.87
32.12,9.05
103.72,8.31
86.75,11.7
40.95,11.28
43.47,NA
106.23,5.99
55.12,12
30.37,8.49
34.54,5.16
95.05,8.52
101.68,15.22
95.17,12.81
46.62,NA
115.39,16.66
15.71,15.36
188.52,11.35
1185.09,17.42
298.97,12.3
6.96,10.49
46.79,8.57
80.42,NA
102.78,27.75
32.4,NA
75.94,26.95
48.47,10.86
40.42,19.87
28.94,11.51
75.56,8.59
45.18,10.79
127.44,8.71
5.88,14.59
138.48,9.52
75.82,20.76
235.2,7.21
212.5,10.94
59.57,13.42
107.99,14
13.29,14.1
88.68,11.47
19.74,13.29
153.76,17.98
170.91,11.62
79.38,13.39
41.14,27.05
303.92,23.16
583.52,9.56
63.48,18.09
22.92,7.74
154.21,6.25
55.81,16.45
54.89,6.73
308.5,14.19
60.15,NA
289.14,17.81
43.25,12.61
96.11,12.78
47.7,12.94
86.36,12.46
53.68,5.71
46.41,24.99
53.94,18.96
86.88,11.96
79.49,8.81
52.9,6.38
33.13,8.94
98.39,14.45
60.84,12.63
51.63,22.13
9.71,9.43
50.03,9.96
310.63,15.44
26.91,9.34
114.96,22.54
98.21,10.66
113.45,23.58
119.31,14.67
72.15,12.97
19.76,15.44
3323.46,10.43
5.99,8.36
28.81,18.67
7.34,9.57
12.1,9.08
69.56,13.8
31.72,14.44
186.52,16.12
27.58,7.61
68.72,11.07
231.66,11.12
97.15,11.42
46.02,11.44
69.29,11.51
139.33,17.24
39.02,8.95
37.27,8.73
36.09,6.86
133.12,12.93
60.68,9.61
34.85,14.36
28.08,14.35
157.16,4.69
20.89,8.13
58.91,8.05
146.28,9.32
60.24,7.72
123.77,19.35
51.93,10.56
23.83,6.64
398.19,6.24
64.7,21.52
379.74,NA
28.09,16.24
36.36,10.8
106.25,12.51
45.83,16.58
110.82,11.87
1274.4,17.2
90.75,7.05
238.77,12.38
41.08,12.74
194.23,10.41
212.6,9.96
83.7,19.63
394.58,11.97
17.01,11.52
9.71,16.69
50.17,13.07
46.4,15.03
167.98,19.05
30.29,15.84
63.66,20.09
64.55,9.17
54.34,8.25
45.66,8.26
22.1,10.38
40.05,6.95
129.47,7.23
118.27,NA
74.28,10.3
7.16,23.87
86.83,16.02
143.38,9.3
38.67,7.04
85.59,26.89
22.29,NA
70.83,11.43
70.94,7.08
21.12,13.25
59.26,10.41
25.66,NA
85.36,7.87
129.08,20.72
72.64,8.06
70.43,8.37
119.98,8.83
158.99,14.83
29.59,12.25
32.68,10.98
137.62,13.59
694.51,9.36
19.9,NA
43.46,4.21
199.34,10.9
241.07,15.03
119.83,7.98
16.17,11.63
34.72,15.03
93.41,17.5
20.12,25.34
48.82,14.03
134.79,15.62
107.37,12.34
110.75,18.03
71.3,6.07
102.9,19.78
77.26,17.17
63.39,14.58
77.46,16.23
132.44,9.86
11.61,10.95
73.08,NA
519.98,15.82
45.8,6.05
47.23,17.79
18.71,10.98
68.61,9.73
144.54,15.54
44.5,11.11
214.22,9.76
197.83,12.75
111.59,5.07
79.65,7.8
32.34,9.86
100.73,10.89
73.65,4.11
95.24,9.53
89.2,5.09
26.48,3.81
77.34,13.17
35.83,8.6
39.86,13.53
33.36,21.11
29.17,11.31
363.84,15.78
85.85,15.49
27.81,17.79
133.82,14.7
25.89,10.75
121.37,6.7
26.97,8.4
160.76,17.52
149.64,10.48
225.89,16.26
6.15,7.06
174.15,9.83
38.04,6.92
13.79,4.65
54.76,13.38
101.39,16.3
24.74,11.71
47.31,7.93
248.05,11.43
54.22,13.81
22.94,11.81
55.78,9.3
24.11,NA
158.62,9.85
75.08,10.34
649.84,11.33
15.05,11.49
56.1,11.62
64.55,12.22
44.71,NA
209.47,9.19
89.81,12.54
50.67,27.51
35.11,6.16
95.21,15.56
18.04,11.13
138.42,10.84
261.83,15.76
82.97,7.6
24.24,18.31
4.26,6.25
687.27,15.54
17.43,10.36
89.35,17.09
6.3,24.29
9.3,22.59
44.35,12.64
40.02,8.48
35.85,11.05
100.05,12.71
196.37,14.87
35.83,13.21
12.31,12.68
50.49,16.12
25.44,6.35
80.41,20.53
22.13,12.76
171.39,9.02
163.37,6.27
29.13,21.66
29.42,12.74
45.13,8.19
36.16,7.84
38.15,9.44
43.32,20.88
42.5,11.04
32.48,6.79
53.73,10.19
65.59,14.46
16.91,7.08
32.75,18.61
45.67,9.08
145.55,12
126.9,13.03
35.6,8.34
110.18,13.12
52.81,8.63
98.37,14.13
58.38,13.15
16.63,6.47
66.5,9.3
59.06,12.25
57.15,10.22
72.24,8.74
45.94,13.23
166.76,19.25
153.29,NA
4.98,9.49
57.43,NA
24.96,10.02
45.36,11.97
56.95,10.64
28.58,5.12
826.64,9.23
279.55,15.02
55.26,6.91
58.96,5.33
44.86,6.05
37.05,7.71
67.74,9.09
58.88,8.09
89.76,12.26
251.66,9.32
107.25,8.8
16.03,12.57
9.13,3.81
13.62,4.5
19.15,9.37
114.68,26.12
33.29,11.76
24.36,12.66
43.06,20.82
64.36,7.17
73.99,NA
144.64,15.11
75.79,6.54
56.02,9.32
22.45,9.29
33.48,20.97
33.29,9.66
57.98,NA
92.81,3.69
123.07,6.02
60.08,8.42
35.62,16.56
13.27,17.72
27.65,5.39
44.82,11.68
79.43,7.93
35.62,6.95
61.36,6.28
40.7,7.5
63.6,14.44
103.51,3.69
23.79,12.84
82.84,8.65
18.32,5.62
84.9,14.07
77.09,7.44
10.8,18.14
121.85,6.72
42.36,15.72
36.25,4.66
76.04,23.72
37.66,8.44
97.77,10.95
119.58,12.05
59.03,8.92
74.75,8.83
81.84,4.85
107.85,5.41
80.64,16.88
20.29,8.67
120.63,21.63
173.33,13.85
174.64,12.89
59.72,7.88
72.98,12.13
46.45,20.14
36.93,11.8
370.2,8.62
25.3,7.47
128.25,9.38
33.29,4.67
78.81,17.68
28.59,19.02
28.9,7.74
40.39,16.06
239.15,8.13
58.57,15.55
106.59,9.91
57.72,4.73
52.88,NA
15.89,7.53
38.21,9.52
4.14,10.47
234.04,15.89
126.6,12.35
723.29,7.28
50.27,10.93
14.44,16.01
11.62,17.7
177.3,11.79
5.15,7.65
39.93,8.5
8.44,6.88
175.76,12.95
118.8,10.38
62.34,13.33
78.84,12.42
42.62,9.22
196.43,NA
66.49,12.61
51.95,11.98
168.62,15.84
203.45,8.15
53.72,8.18
24.9,17.85
32.91,9.47
35.42,11.43
21.6,13.46
1365.9,4.34
63.23,NA
36.92,8.92
212.32,11.46
105.04,14.17
46.71,12.27
1.13,18.41
26.1,3.08
83.99,19.32
157.77,3.04
67.97,6.29
75.71,6.14
61.9,5.18
28.53,7.27
115.9,7.83
32.12,17.22
29.64,21.97
30.24,19.54
43.29,10.22
48.19,7.48
66.31,NA
350.59,18.83
27.63,13.87
8.88,6.3
179.32,7.33
289.44,26.38
46.9,4.72
18.71,17.52
235.33,15.76
23.23,14.57
44.75,7.89
31.39,7.16
26.37,12.82
32.19,14.86
12.69,11.45
35.05,11.91
44.83,10.06
566.26,12.77
21.77,11.94
32.76,11.84
133.52,12.7
23.65,10.99
188.2,5.99
43.74,19.32
43.57,10.58
302.35,9
89.45,11.04
99.72,7.64
55.19,8.12
102.92,11.5
48.44,6.82
47.36,6.26
85.57,13.2
257.87,8.5
14.7,9.83
63.12,19.69
16.97,9.67
27.8,15.86
70.73,17.34
132.79,10.6
36.49,8.95
24.5,9.23
5.01,16.63
96.62,27.42
8.35,5.53
75.21,NA
105.97,16.39
45.18,9.03
19.53,6.66
26.18,5
52.44,12.81
41.74,11.87
18.18,NA
213.93,14.75
74.08,10.05
130.22,7.84
61.31,12.85
16.54,10.25
602.6,16.68
48.42,8.08
259.77,10.47
67.31,8.45
25.62,11.15
4.57,7.41
44,13.48
11.75,19.17
31.92,11.39
24.63,11.69
109.76,9.49
117.18,16.89
60.58,8.88
46.61,14.66
36.88,7.12
53.82,15.57
74.19,6.59
56.8,NA
160.5,10.93
141.5,10
139.49,14.26
24.16,16.44
87.41,10.06
17.9,7.02
67.97,6.53
90.85,7.67
44.74,17.65
116.71,7.9
0.49,NA
47.37,22.84
53.22,8.65
198.73,12.87
215.26,38.76
499.09,10.79
43.72,6.36
112.41,15.31
26.58,24.74
588.49,14.37
107.33,18.45
37.93,7.01
90.16,10.63
51.42,5.33
149.16,6.25
23.95,6.13
37.58,6.83
50.31,12.84
22.55,9.26
29.55,7.58
59.31,10.85
85.43,NA
45.7,14.66
113.58,NA
71.1,8.22
32.53,13.97
164.08,11.53
13.98,NA
28.05,13.5
160.89,11.15
227.49,4.76
14.38,10.59
38.51,15.54
42.1,18.77
67.58,8.8
82.82,13.4
438.04,24.95
36.93,6.56
192.6,9.15
97.96,20.3
86.55,9.67
40.6,17.47
104.94,7.06
22.09,4.36
85.55,15.88
79.06,13.57
67.67,7.64
7.58,NA
322.48,8.79
52.32,9.3
11.98,16.51
189.29,15.17
163.72,10.99
59.38,6.89
181.98,8.14
2.87,33.14
76.73,10.5
34.65,7.7
2.25,9.94
85.06,11.27
128.46,NA
99.84,14.2
52.73,9.44
222.17,11.12
284.36,18.57
39.16,14.23
89.82,9.45
20.76,6
153.67,17.02
23.09,12.02
59.01,15.52
46.35,10.52
53.66,13.66
171.63,11.21
114.62,NA
61.8,16.25
30.41,13.18
216.79,13.65
35.58,13.84
84.04,11.37
14.38,NA
158.24,11.26
13.11,20.96
24.43,8.8
21.03,13.19
114.27,5.85
29.29,6.66
11.42,6.31
188.27,9.21
36.43,9.52
16.37,NA
420,3.9
57.37,8.41
58.25,8.13
133.24,9.55
35.27,11.41
36.37,5.52
216.81,18.74
21.75,10.06
68.82,11.36
39.47,8.11
19.71,9.55
38.3,11.83
74.27,11.14
78.11,12.12
8.18,8.72
65.28,8.42
195.41,8.22
63.19,11.26
55.96,6.89
77.36,13.34
174.77,6.84
55.4,5.11
8.69,6.74
39.27,14.67
9.27,7.73
113.11,9.53
40.49,10.11
57.38,19.26
50.97,13.39
50.64,14.02
48.84,18.35
41.88,4.17
17.02,15.28
45.13,13.42
71.08,14.79
172.55,16.98
93.78,NA
56.68,7.8
137.42,9.04
63.66,17.89
16.18,8.67
117.62,8.23
14.15,15.13
48.77,8.94
44.03,14.31
9.34,16.12
31.86,10.52
55.05,12.64
74.22,7.66
53.14,11.89
63.61,11.67
40.65,10.78
67.37,12.07
31.65,14.89
37.71,6.9
76.88,18.35
78.74,8.66
300.72,16.47
57.05,13.04
90.51,9.49
957.25,11.46
10.1,5.59
550.37,15.28
43.39,8.12
22.18,6.94
27.8,7.79
118.97,6.1
48.23,5.48
76.72,10.97
243.75,10.42
666.35,13.46
168.74,12.94
38.24,12.9
120.4,11.46
178.72,NA
6.25,16.34
45.31,14.38
36.3,10.89
223.6,13.91
273.04,NA
103.54,11.63
68.53,12.8
58.99,20.3
59.59,5.71
38.83,6.91
69.09,10.96
28.99,10.06
44.15,5.73
14.37,16.67
18.18,9.98
53.27,5.28
21.03,5.37
91.84,10.09
36.7,10.59
28.81,10.88
42.18,7.4
39.77,11.97
13.76,17.22
40.52,8.01
113.14,10.83
85.98,14.9
42.98,15.1
37.27,17.96
69.08,9.43
1750.4,11.51
133,6.56
36.04,15.5
22.93,8.37
47.61,18.74
123.67,9.82
49.83,13.08
37.34,8.89
124.1,6.34
34.01,20.7
12.04,7.01
68.26,12.33
96.16,5.71
31.22,8.35
27.73,NA
96.89,10.96
58.34,11.1
13.57,11.28
40.6,12.08
26.5,9.52
43.81,6.46
13.04,12.45
25.39,5.87
165.09,NA
25.85,13.3
11.74,15.29
78.47,15.33
200.52,5.51
39.47,4.89
61.5,7.87
195.57,12.15
65.57,14.2
30.18,22.98
124.18,7.28
32.68,11.82
29.02,14.15
16.96,NA
125.35,10.7
144.04,8.29
7.87,8.59
13.54,13.38
122.87,5.75
118.78,16.21
414.48,11.31
24.17,18.45
24.56,8.41
95.11,8.17
48.35,6.22
57.46,10.39
143.98,7.69
23.93,4.01
86.83,6.66
9.33,7.48
26.88,12.98
272.78,12.28
5.39,4.26
31.07,9.44
78.09,8.45
52.47,6.09
52.81,10.86
15.14,7.34
15.44,8.95
101.35,15.23
144.87,11.63
29.58,8.44
20.03,9.37
45.38,5.39
55.16,13.47
34.11,11.18
27.95,9.16
327.4,14.45
17.94,17.29
328.43,17.66
349.88,17.11
54.6,12.34
14.62,11.83
70.32,8.28
53.93,10.88
81.13,9.14
8.49,NA
46.83,11.77
97.31,6.53
51.75,7.12
18.07,5.15
441.86,21.63
88.28,8.91
83.49,12.23
24.76,8.64
6.97,19.08
29.79,9.77
67.04,15.56
20.51,9.2
28.51,12.96
59.85,13.61
148.57,7.47
38.46,NA
91.45,14.64
56.36,13.7
66.84,11.35
64.88,10.22
58.88,13.38
125.85,9.94
168.47,8.57
45.43,10.7
24.37,8.82
29.6,11.44
75.8,8.97
176.87,NA
27.35,13
61.54,10.27
286.53,13.92
22.5,7.42
54.8,17.68
29.66,14.82
102.18,19.52
9.58,10.8
18.6,10.36
266.1,12.65
463.23,8.24
39.75,5.38
27.51,14.4
23.87,7.06
284.32,11.56
21.47,10.89
61.24,11.86
61.36,9.82
271.89,16
43.26,18.71
94.25,8.59
36.05,11.59
86.82,12.25
458.17,18.69
43.38,8.33
32.12,9.21
11.07,NA
37.48,7.45
5.91,NA
29.67,13.12
38.28,14.96
101.09,6.37
110.51,8.49
108.11,17.28
61.68,10.06
34.52,6.07
181,9.86
109.64,8.6
60.52,8.69
5.37,9.95
79.27,5.84
13.34,7.86
50.63,9.32
10.8,6.85
140.41,9.76
19.26,9.97
340.39,NA
32.04,8.54
57.1,13.15
660.72,NA
222.39,14.6
47.4,11.1
28.36,7.43
29.68,6.78
32.98,4.62
219.36,18.28
72.67,8.49
25.48,9.78
30.18,10.84
22.06,10.24
46.48,16.43
46.34,15.6
162.42,5.88
120.71,19.22
68.93,NA
31.11,5.54
91.52,17.87
32.76,13.12
22.48,11.41
132.27,NA
32.99,12.02
13.77,8.93
125.39,13.64
135.02,11.36
60.17,10.67
23.12,9.57
167.74,6.05
27.42,16.56
30.68,8.38
238.3,8.78
42.86,9.3
22.81,5.19
59.5,13.66
53.82,11.59
23.75,11.37
57.7,13.11
44.27,7.25
33.72,11.1
12.44,6.65
1.79,23.61
308.67,14.7
40.82,8.44
15.1,7
90.55,5.36
11.8,7.86
10.24,11.78
18.21,8.31
40.77,16.64
145.79,14.26
30.08,6.71
74.63,10.62
56.58,14.06
50.69,16.33
63.83,4.43
29.14,5.58
53.64,4.31
70.96,11.19
21.44,9.72
41.62,4.67
62.34,16.96
11.42,10.11
88.15,16.1
41.36,12.44
154.95,20.61
56.26,10.99
335.31,11.19
31.94,5.1
18.29,12.85
80.9,15.09
176.26,16.74
50.54,5.36
34.3,8.42
216.82,NA
25.72,7.75
47.58,13.97
56.88,16.71
0.5,NA
152.57,10.86
23.88,NA
72.61,18.94
85.05,11.13
44.57,7.5
136.65,9.84
121.21,7.17
15.04,6.88
115.82,18.4
18.75,5.79
82.58,15.2
80.8,3.41
9.68,19.64
20.61,14.11
58.32,16.34
177.16,7.9
54.98,19.84
94.66,9.66
112.93,5.07
16.28,6.19
47.44,6.58
300.46,6.9
23.55,6.63
289.68,7.59
135.87,17.48
31.45,9.59
61.92,11.56
353.36,14.51
64.57,7.24
96.5,11.7
87.54,14.17
472.62,10
40.93,16.07
25.04,9.09
94.05,12.67
45.35,12.64
62.18,6.7
40.97,9.39
265.98,7.31
43.86,9.02
57.45,12.65
64.83,5.9
37.52,14.62
107.63,14.53
40.25,8.78
42.01,5.7
34.06,9.01
99.12,7.83
69.15,4.96
471.64,14.4
39.65,14.17
24.13,12.08
25.09,9.4
26.92,10.51
66.47,4
171.57,15.65
66.46,12.58
68.22,11.53
104.43,8.9
58.72,8.11
557.17,11.57
109.14,12.23
30.91,10.78
399.33,10.65
44.42,10.07
83.57,5.27
79.13,7.66
33.43,6.69
70.53,7.6
67.04,9.46
219.47,12
15.56,14.42
126.36,15.08
24.42,6.84
81.7,6.43
39.77,11.44
19.85,13.21
70.86,8.7
31.41,6.17
17.81,11.61
38.92,5.72
66.12,10.15
438.95,8.53
90.93,15.17
54.74,4.67
9.35,12.95
68.64,19.79
17.28,12.04
12.97,9.2
66.69,19.79
57.12,8.93
106.31,6.45
76.31,5.42
40.61,13.63
27.42,8.2
28.55,13.31
113.36,NA
50.09,8.51
38.17,5.87
51.38,8.31
149.15,4.78
28.89,11.64
55.59,13.42
12.3,10.89
24.68,6.74
40.87,7.4
114.81,6.09
59.14,8.38
23.89,9.64
37.7,12.12
494.27,18.16
165.59,13.97
13.57,12.82
101.47,11.26
697.42,12.65
21.81,10.99
312.44,9.68
126.92,5.7
77.02,7.48
68.13,14.88
75.07,8.06
44.72,9.27
199.25,22.72
51.71,12.17
40.28,12.79
21.3,25.29
87.08,15.16
64.37,7.02
326.49,NA
278.74,5.29
6.94,4.16
14.24,8.24
32.71,10.99
96.65,9.35
16.72,13.42
28.42,11.98
71.29,6.25
143.53,10.72
67.18,4.59
65.14,4.81
2.78,40.47
67.67,12.34
142.15,19.67
91.73,10
105.68,9.27
93.51,15.04
41.75,11.79
145.06,19.02
38.24,5.09
39.23,13.51
82.96,6.54
216.71,NA
75.42,17.48
81.42,7.18
80.94,17.75
86.15,19.05
62.81,3.58
291.27,23.59
8.27,7.95
27.81,13.34
24.64,NA
56.83,9.58
66.61,11.87
72.02,NA
10.93,10.78
74.18,11.15
48.58,3.67
84.68,14.92
136.12,11.02
81.28,11.51
69.99,6.14
118.54,10.63
52.96,8.12
36.05,NA
110.74,28.35
96.68,6.49
45.74,8.8
23.78,10.1
31.68,9.98
4.22,8.53
205.46,NA
5.64,10.08
16.09,10.51
40.45,7.21
59.89,15.18
42.3,9.34
29.98,5.51
42.99,17.22
16.68,9.77
31.91,12.49
19.11,5.46
121.81,13.22
25.59,22
29.64,13.95
174.41,11.29
46.76,11.25
81.37,6.48
247.08,NA
71.84,15.27
85.08,8.31
169.83,20.99
191.64,NA
23.26,7.67
46.82,2.29
54.21,5.18
39.83,11.46
60.38,7.12
58.59,29.46
6.35,22.29
267.68,21.75
100.64,13.59
28.19,16.49
38.29,8.84
33.95,4.48
54.24,10.05
36.41,12.96
57.34,5.92
52.63,9
16.93,12.48
29.36,9.4
166.26,10.76
50.4,13.49
112.77,1.61
281.76,11.35
120.13,15.2
25.34,11.1
64.26,20.24
15.71,8.12
12.6,8.64
42.89,10.01
29.44,NA
90.4,9.17
26.44,12.46
69.07,5.52
53.28,10.03
48.42,9.55
5.19,8.45
19.12,6.92
41.73,6.78
94.48,7.31
101.74,8.34
108.84,13.64
14.22,10.29
21.43,10.26
32.97,16.8
93.7,11.63
137.68,12
63.99,9.98
42.9,6.29
43.54,9.85
143.55,11.92
89.91,15.01
28.02,14.58
2269.2,17.79
44.8,14.68
42.19,20.89
1.31,14
33.17,5.63
87.68,9.19
140.66,8.27
90.74,12.85
64.56,12.22
7.66,5.69
29.05,6.37
48.68,10.31
14.78,11.02
21.67,15.34
249.4,12.04
13.08,10.98
23.68,11.42
125.27,NA
23.61,6.45
25.45,10.67
25.16,9.92
60.25,9.14
32.94,10.86
91.46,NA
74.46,7.18
97.26,8.68
93.71,11.15
34.2,12
142.91,5.43
111.05,13.68
22.49,10.72
82.52,26.13
71.64,3.34
22.52,11.14
54.39,10.2
125.91,20.11
16.85,11.46
66.94,9.26
32.96,7.52
24.08,7.3
287.94,10.78
20.79,11.94
121.84,8.96
8.34,13.65
45.92,5.63
212.42,8.92
131.36,6.68
40.41,14.94
20.28,6.35
8.45,9.25
134.98,18.64
5.11,5.84
125.99,13.42
71.2,11.17
38.52,8.8
538.6,7.7
31.46,25.89
68.48,NA
23.15,3.81
166.06,NA
481.68,7.26
24.03,12.82
59.13,16.7
10.25,14.29
53.25,9.9
0.62,28.31
158.95,8.8
21.22,4.81
36.63,8.07
5.57,5.36
122.55,13.97
48.42,11.5
42.66,NA
30.52,6.68
160.44,5.07
47.21,NA
32.76,NA
98.71,10.07
361.84,8.44
40.33,8.26
64.59,7.94
64.62,15
21.54,16.24
82.09,10.44
215.82,12.55
66.87,10.11
54.26,6.7
42.37,22.73
7.9,19.26
51.42,11.78
60.86,9.64
71.86,10.15
25.24,10.63
22.55,7.25
34.73,7.16
81.77,10.43
79.71,6.1
81.91,10.79
6.34,12.86
44.55,3.98
150.6,8.59
70.76,16.32
37.53,25.51
24.28,13.33
84.88,5.77
12.02,9.72
13.73,2.51
45.56,4.91
4.46,18.48
55.4,5.64
38.94,14.6
49.75,5.69
180.13,6.85
23.61,15.21
108.13,16.03
35.67,8.55
102.28,7.62
410.3,11.31
12.35,17.58
30.67,13.81
40.92,16.42
87.32,16.31
25.51,9.11
92.83,6.13
28.11,8.88
73.61,12.37
15.69,14.5
69.81,7.77
28.6,11.46
80.55,3.12
20.42,6.15
66.58,5.74
54.23,8.42
14.27,13.03
61.24,7.81
119.47,7.13
28.8,20.23
15.88,7.7
113.88,6.98
52.92,8.65
23.38,10.18
105.47,14.81
111.79,6.48
189.45,18.85
364.83,12.73
13.26,21.2
10.35,4.64
276.9,12.1
207.36,7.04
56.19,9.31
70.8,9.52
121.02,12.93
60.4,6.92
136.89,12.71
83.6,NA
19.69,8.53
48.5,6.9
192.74,16.58
237.75,5.94
112.12,3.26
28.39,6.28
72.67,9.54
61.7,12.41
6.91,20.3
66.67,10.38
18.94,13.51
19.54,9.42
10.96,4.92
131.53,10.74
55.83,8.76
42.38,NA
139.97,7.88
61.47,10.33
24.56,8.65
86.69,12.2
28.76,6.95
43.42,11.23
9.47,7.61
15.05,10.65
24.34,11.74
46.9,13.48
17.17,11.69
94.65,14.19
51.36,9.67
55.72,20.49
80.32,6.61
34.46,11.4
38.36,NA
35.8,11.94
45.32,7.5
7.68,15.82
95.42,11.95
84.37,10.41
14.34,12.55
38.4,12.01
66.99,13.81
59.94,6.67
64.92,3.52
37.85,9.57
61.41,6.88
117.95,17.16
29.57,NA
98.78,6.15
28.29,11.86
84.67,4.24
54.01,10.44
19.46,9.5
28.71,8.57
76.65,NA
15.21,10.05
19.65,2.79
147.92,30.01
53.48,12.06
55.21,7.03
22.91,9.47
33.3,24.81
28.45,8.28
688.01,10.12
22.94,7.74
54.85,7.63
67.68,7.55
41.8,8.75
86.68,3.87
25.57,9.32
36.67,8.63
105.71,4.98
65.08,11.75
42.08,16.07
38.64,13.75
43.33,11.25
86.81,15.36
79.96,10.76
147.36,NA
43.56,12.5
52.02,9.1
41.97,8.57
4.09,9.69
180.87,13.49
45.53,27.66
63.51,10.25
60.88,8.45
194.01,13.33
42.83,19.61
33.11,7.29
408.95,8.9
26.32,7.96
51.27,9.38
18.65,15.92
75.3,10.04
91.25,NA
104.16,11.58
22.36,5.81
40.21,12.27
79.15,12.03
14.28,13.3
31.76,13.12
98.91,8.84
70.1,13.06
111.14,15.35
26.28,4.63
44.97,6.56
33.64,13.61
108.45,8.03
34.61,17.52
15.99,7.95
89.86,5.11
51.4,12.45
7.99,12.86
68.74,14.6
200.53,11.39
60.88,9.81
35.56,8.56
89.29,6.78
32.61,4.51
131.9,12.1
60.89,10.45
45.91,9.55
61.88,6.66
48.62,3.87
57.17,14.56
73.53,11.66
38.19,16.3
48.58,11.08
42.11,11.83
80.51,5.16
90.72,11.84
17.88,9.98
13.76,6.29
24.53,18.59
47.63,14.67
42.96,6.95
6.62,21.16
36.69,3.94
30.55,6.55
13.14,5.7
88.04,10.82
40.56,12
25.55,8.32
6.3,10.65
12.6,7.81
47.03,12.89
31,5.53
60.24,6.45
13.35,4.03
79.66,17.75
32.58,3.51
50.98,17.03
75.97,10.61
84.23,6.04
82.29,7
7.89,6.66
50.6,12.69
325.87,4.32
64.05,13.06
117.01,12.98
52.05,9.06
68.11,NA
64.96,10.09
75.2,13.5
11.71,18.15
27.06,7.87
113.78,15.04
88.66,15.19
20.19,15.4
30.21,11.79
160.09,5.49
259.84,17.57
31.03,6.5
42.76,10.59
63.98,14.96
2292.3,4.13
72.58,6.62
80.9,13.79
31.67,9.18
28.17,8.42
32.71,15.46
58.86,6.43
129.05,5.44
9.35,6.05
42.72,16.27
43.98,6.02
114.74,10.11
8.89,19.15
30.39,12.91
5.22,9.43
46.59,11.51
96.76,4.61
4.07,7.11
10.8,NA
42.58,5.09
2.91,16.05
17.56,8.49
108.81,24.39
31.88,8.05
70.92,6.65
72.06,9.38
105.01,13.99
336.13,11.27
13.52,16.57
363.78,12.99
63.16,6.75
16.85,4.68
19.71,4.5
22.97,8.69
737.17,24.27
137.51,8.43
20.21,10.26
12.29,12.87
52.29,9.79
23.47,5.58
93.82,19.09
59.03,13.1
42.15,10.06
30.73,8.53
34.03,5.72
27.68,9.91
73.46,9.79
95.55,7.75
10.67,12.72
61.28,24.36
119.95,21.22
18.21,5.54
27.24,14.52
52.86,9.56
113.98,NA
23.53,7.93
167.26,11.64
37.23,10.62
53.87,7.07
41.89,10.01
93.54,13.17
62.73,7.46
39.74,16.47
151.54,NA
28.38,7.62
32.34,9.78
32.89,6.78
28.52,17.49
69.49,7.52
29.51,7.96
50.64,32.66
14.79,6.89
82.65,NA
202.71,12.51
213.34,26.22
51.15,9.11
18.56,8.83
26.16,7.99
90.8,13.17
141.21,13.63
49.84,8.69
14.38,NA
75.19,10.64
83.08,NA
57.69,24.06
28.61,4.32
37.84,19
20.96,20.52
49.16,10.89
38.4,9.69
14.16,12.03
65.64,NA
8.22,9.67
23.88,5.82
152.4,7.62
103.72,12.44
16.05,6.05
42.98,16.76
106.68,6.93
59.78,5.07
39.04,NA
28.1,5.72
79.1,5.5
105.3,14.02
72.76,16.07
39.39,3.93
62.99,9.52
203.82,7.91
42.4,12.61
38.16,4.26
47.69,12.36
14.63,18.54
64.25,16.25
59.35,5.07
68.19,8.69
335.66,9.7
131.04,4.88
30.43,5.29
47.74,8.54
28.98,6.17
53.76,6.81
5.73,11.55
13.76,9.28
60.82,14.19
10.7,8.92
147.63,7.35
162.26,7.56
43.51,17.44
45.3,9.52
12.57,5.94
21.97,5.29
49.66,9.98
57.68,7.04
30.2,5.66
56.09,3.12
76.13,NA
12.52,15.59
24.58,7.82
26.55,22.58
294.33,15.52
11.27,25.54
54.01,15.94
61.26,8.31
21.47,9.87
18.8,8.89
293.46,27.08
55.62,13.72
94.62,8.52
31.2,13.24
350.79,6.32
21.62,21.39
21.2,18.45
44.07,6.97
62.52,6.6
16.3,NA
9.73,12.83
144.13,10.14
71.62,9.07
35.28,6.05
7.82,15.91
172.02,9.34
40.94,31.35
132.98,7.72
39.21,8.34
22.59,5.09
24.18,11.49
164.06,17.24
138.34,6.6
47.56,6.77
73.98,5.81
12.7,6.88
18.06,4.06
154.33,9.14
23.98,20.04
13.46,6.56
72.06,10.72
54.15,4.94
28.44,4.62
13.9,NA
37.07,4.82
65.14,10.12
44.54,9.82
144.56,5.8
12.39,9.68
211.24,17
15.12,10.94
38.04,23.6
94.52,6.47
33.1,NA
10.85,6.11
34.82,20.67
97.46,6.54
80.46,8.51
214.93,7.34
7.12,8.45
92.98,8.36
84.76,9.58
55.15,11.89
101.6,6.6
19.38,4.56
67.83,9.57
15.43,10.32
5.05,10.14
31.64,12.55
40.68,8.71
83.34,7.29
34.81,14.4
41.05,24.68
180.58,5.3
50.21,NA
66.04,12.94
17.08,11.38
20.6,11.82
2.34,34.19
44.49,12.19
62.48,21.49
90.34,12.83
374.33,6.31
79.68,5.39
47.94,9.73
5.09,8.74
47.86,5.22
98.95,6.98
95.87,9.85
47.4,5.99
48.76,4.97
22.55,6.14
47.67,5.17
88.69,11.51
52.02,13.77
130.99,8.49
87.96,12.33
126.28,6.86
155,15.7
91.72,8.59
19.6,11.95
155.34,10.09
64.28,6.79
41.28,7.26
14.9,9.89
374.4,23.41
86.13,12.22
8.79,17.16
39.33,5.98
50.58,13.11
66.07,14.4
54.39,12.64
74.73,9.7
41.73,11.51
23.03,10.62
23.79,7.61
41.31,17.35
25.42,6.2
24.58,8.87
12.84,11.02
131.16,15.44
23.92,9.62
23.61,17.03
33.83,22.92
29.1,18.83
5.75,11.07
71.47,6.36
34.69,8.56
63.83,15.97
62.31,NA
42.56,11
31.98,5.36
40.26,5.65
18.7,3.92
128.15,9.09
51.12,7.37
18.13,4.86
155.84,9.31
30.72,3.44
73.76,22.07
36.03,10.61
138.33,NA
34.75,16.96
47.27,8.21
20.78,7.18
112.16,3.44
57.44,6.73
69.03,NA
68.11,6.07
103.87,8.47
43.15,7.91
25.17,14.99
54.62,16.4
13.28,6.41
25.92,12.88
91.03,12.28
6.25,5.59
40.96,5.62
32.46,6.39
13.7,4.26
13.67,9.12
8.37,NA
1.69,16.38
20,16.24
121.74,13.04
14.96,10.84
90.07,9.78
64.1,10.19
125.23,5.46
67.55,19.91
26.11,5.66
58.76,7.37
116.94,12.47
48.97,5.37
40.22,5.36
29.11,5.17
27.36,4.7
46.37,9.37
67.94,9.34
58.51,5.04
220.42,NA
26.19,10.17
25.17,3.72
46.16,11
23.55,4.89
2.25,16.35
22.08,5.82
85.87,11.56
37.11,10.06
62.67,8.61
16.23,13.21
17.36,25.39
65.13,NA
142.73,4.47
64.44,12.69
22.25,8.78
158.45,6.27
42.71,NA
30.61,12.87
147.9,9.15
43.96,11.69
149.7,16.52
16.18,11.04
10.49,13.3
7.52,18.26
117.94,8.33
1667.8,4.14
29.54,7.92
28.64,6.29
5.34,6.72
21.77,12.16
16.13,8.01
87.14,17.86
49.44,7.24
108.64,17.45
7.75,7.54
91.53,11.84
572.89,4.79
72.08,21.4
108.27,14.43
5.32,14.92
132.3,20.11
49.3,9.47
78.22,NA
145.59,NA
52.87,12.72
86.99,8.47
11.5,11.56
68.83,8.83
69.28,6.92
13.78,5.24
6.84,13.96
39.75,10.43
21.08,9.35
39.73,8.37
89.04,2.21
172.16,6.05
39.99,9.14
35.32,8.61
11.27,5.7
115.57,NA
64.41,12.02
125.26,NA
22.76,2.8
169.23,6.33
19.95,26.6
60.69,11.02
9.94,NA
101.11,12.67
267.57,14.62
17.19,6.55
9.15,16.31
52.97,8.15
47.94,4.69
11.18,4.75
67.95,21.54
35.62,4.77
27.64,11.6
29.1,7.76
14.65,8.93
35.92,10.28
126.93,6.29
58.7,9.39
5.24,9.29
85.97,17.08
42.42,5.02
26.35,4.41
17.28,8.99
45.49,7.51
119.1,NA
62.46,13.27
7.96,5.42
106.62,10.97
30.24,9.15
107.33,NA
70.21,7.76
129.93,10.76
127.78,18.73
29.9,9.49
34.18,6.06
164.21,15.83
58.36,10.74
9.31,4.24
33.91,5.83
50.21,8.84
254.48,15.8
13.1,37.54
68.38,13.75
270.56,4.1
31.59,12.89
26.98,5.69
63.7,14.04
103.09,8.13
4806.6,NA
13.25,10.35
73.86,NA
295.86,13.26
66.79,10.46
10.8,25.82
2.05,NA
21.72,6.46
14.58,8.31
9.8,NA
32.52,8.75
74.1,4.91
92.2,7.44
91.69,15.64
78.64,5.26
135.01,6.79
32.05,7.53
8.23,32.69
69.45,7.05
16.58,5.54
79.69,15.54
41.73,6
32.37,7.75
4.74,NA
91.31,10.43
89.93,11.28
86.44,8.29
20.11,6.59
68.39,9.84
40.66,9.47
54.46,10.76
72.47,37.18
54.48,16.37
31.92,13.34
123.21,16.79
261.33,19.5
50.83,17.22
8.21,11.88
44.18,7.78
50.17,9.1
32.65,5.06
39.59,5.26
20.55,8.03
28.52,9.31
12.51,13.93
43.55,8.1
16.21,10.24
28.73,14.32
112.79,NA
40.26,NA
84.96,11.13
42.73,NA
9.94,9.38
55.38,5.11
75.48,13.1
49.59,21.85
102.14,11.11
37.61,13.46
26.75,4.96
16.8,8.53
15.7,12.77
35.56,6.03
60.46,6.66
52.7,8.86
45.14,7.23
19.48,7.89
45.67,10.87
71.69,6.37
39.86,4.59
59.12,6.04
87.54,15.21
53.7,4.44
90.15,12.2
41.59,10.69
7.63,4.1
96,NA
37.87,4.89
17.21,8.15
99.67,NA
144.78,14.73
84.77,6.03
56.6,15.13
69.68,12.88
87.16,11.33
30.8,10.74
110.32,16.06
69,NA
296.54,NA
58.74,6.99
19.02,11.51
20.75,9.86
23.08,NA
8.49,6.73
27.13,7.28
22.04,10.7
55.37,12.04
31.57,10.32
42.71,6.67
21.63,6.3
21.68,8.11
225.62,10.56
9.62,12.64
94.48,7.4
25.77,18.33
49.79,12.35
10.11,12.71
26.06,13
58.78,15.25
4.39,20.69
25.25,10.85
86.49,9.75
41.92,10.91
53.32,6.08
29.53,16.31
12.9,6.55
74.01,8.09
20.15,13.21
53.84,6.15
95.66,10.85
67.34,7.02
21.69,NA
7.2,NA
120.4,19.81
70.69,9.31
9.35,5.1
6.49,11.38
26.44,14.7
6.78,7.1
36.5,9.54
91.18,6.01
25.5,9.18
47.77,13.49
30.9,8.86
14.91,6.5
7.5,12.22
21.74,12.63
56.77,9.94
16.6,NA
51.25,5.68
169.17,3.88
20.93,18.6
20.81,6.1
48.5,8.5
28.02,10.19
24.2,7.48
78.6,12.81
43.82,8.86
207.32,4.98
21.05,11.46
9.41,10.03
19.29,10
416.09,13.49
9.68,15.41
82.28,7.9
65.32,NA
12.78,8.33
76.31,9.9
47.33,7.67
76.45,5.18
23.44,15
15.05,4.78
25.4,10.24
48.08,10.14
16.86,7.83
109.36,9.33
57.36,10.32
0.76,15.75
5.32,9.04
103.16,NA
28.9,6.92
14.84,9.03
69.53,7.26
59.39,12.01
42.46,8.31
27.24,12.86
26.36,10.46
31.55,13.2
61.86,4.63
52.13,10.1
19.97,13
29.41,NA
70.03,8.63
240.22,13.88
105.02,11.27
53.81,13.99
14.34,7.04
121.12,15.39
6.74,8.73
36.2,9.46
34.46,9.38
18.56,15.42
33.07,14.38
12.43,7.15
93.15,9.05
20.07,10.79
264.49,11.53
72.81,2.87
27.89,NA
51.17,10.33
94.27,13.94
208.21,18.74
41.99,8.43
44.83,14.48
137.95,6.89
181.26,4.55
88.59,10.96
38.69,8.33
89.94,8.81
530.71,16.06
223.61,21.45
181.96,10.32
36.52,5.25
37.1,5.33
10.6,11.21
362.05,15.11
61.27,14.78
100.48,6.6
194.83,11.92
56.03,9.33
23.03,9.15
40.02,18.37
71.19,3.81
41.72,8.43
17.82,13.71
170.92,9.69
147.66,22.05
92.97,13.56
68.58,9.99
43.4,9.94
194.8,NA
6.47,10.78
56.28,20.34
49.47,4.19
34.86,5.44
109.85,15.2
5.03,21.1
4.83,7.93
189.31,NA
4.16,12.69
47.06,10.98
15.51,11.1
78.63,14.25
16.49,25.38
88.88,11.12
68.01,9.4
1186,12.66
36.97,NA
110.24,7.54
6.22,11.48
23.46,26.88
157.79,9
17.29,12.78
92.76,4.68
62.2,4.63
41.7,16.61
19.37,9.92
20.77,10.34
28.62,3.84
48.87,11.02
146.73,10.59
3295.4,8.87
50.15,5.24
51.9,3.67
25.59,NA
36.04,13.53
15.67,9.18
340.39,3.89
57.02,9.04
56.49,11.1
88.94,NA
17.02,5.8
988.93,9.05
216.43,NA
46.2,9.17
18.92,4.66
63.7,11.9
31.31,11.12
76.66,7.36
87.5,13.25
15.68,10.58
31.1,9.04
49.62,9.63
19.39,9.65
97.63,6.73
13.96,13
47.39,4.8
86.25,7.22
328.58,13.19
31.38,5
46.28,7.06
31.95,6.49
12.11,14.25
44.53,8.69
26.79,11.82
39.3,5.78
34.6,15.46
51.58,9.36
22.35,10.85
204.16,8.99
39.45,NA
0.74,3.2
29.12,4.13
50.47,8.3
35.24,14.66
31,4.47
141.68,3.14
23.97,NA
7.36,4.95
39.33,5.22
27.79,15.99
108.11,6.6
269.91,8.2
117.97,NA
46.44,NA
24.68,9.3
43.41,6.63
12.6,13.41
47.94,10.98
79.25,10.04
38.47,5.4
39.15,6.62
46.06,NA
55.41,8.35
39.95,14.88
21.19,7.71
7.85,6.45
19.68,6.45
16.64,18.21
13.26,15.6
28.49,8.44
107.86,3.98
59.03,4.69
119.93,4.49
91.3,11.55
76.36,7.55
29.54,12.09
295.93,6.85
60.52,7.11
14.05,13.26
14.42,10.86
159.75,14.41
412.49,7.4
16.82,16.5
100.22,NA
152.53,14.6
14.72,2.93
9.5,8.78
61.18,9.2
49.77,5.48
15.41,7.49
27.57,13.9
174.26,21.55
5.36,20.11
78,9.88
27.62,NA
96.19,10.87
94.83,3.83
125.87,NA
21.65,32.78
30.03,9.51
16.97,9.41
65.82,4.67
57.17,6.56
17.63,4.01
42.57,9.38
33.08,9.49
4.33,8.51
15.8,8.54
55.81,11.87
173.47,15.19
24.71,3.17
355.74,10.46
28.99,3.87
26.95,NA
26.24,4.34
8.23,7.68
40.02,7.48
253.94,17.78
34.67,9.29
42.98,9.05
32.51,14.64
40.56,8.73
15.25,6.52
47.27,7.63
13.56,9.52
41.03,18.68
6.67,11.47
39.11,9.23
11.67,14.44
34.33,13.78
45.92,5.06
34.33,8.34
32.87,5.17
30.12,7.85
66.63,15.28
43.42,6.93
47.62,4.22
92.82,5.32
10.32,9.17
8.19,14.36
5.85,15.69
29.13,8.95
98.41,9.54
15.1,11.71
19.15,7.7
10.7,5.97
361.35,13.33
44.42,7.63
71.53,11.06
47.49,12.5
4.9,10.99
97.22,12.77
43.79,17.22
98.95,13.69
26.39,6.25
9.69,8.08
49.78,10.83
9.82,NA
21.93,3.76
107.4,9.06
2728.65,4.1
48.48,12.41
114.28,9.86
21.33,12.49
10,4.15
74.29,11.21
14.37,8.78
13.2,16.02
28.73,10.98
26.47,3.65
22.83,7.91
56.53,4.27
84.74,6.69
17.07,6.26
65.04,13.62
15.49,7.38
62.27,NA
82.3,7.75
12.12,4.18
37.89,4.79
16.51,6.34
65.57,14.19
52.99,11.82
31.19,31.87
31.77,5.99
110.61,4.5
84.42,6.23
60.42,7.6
16.95,8.39
207.86,NA
35.33,4.49
78.5,8.26
46.99,19.37
47.72,5.74
48.82,13.08
7.54,10.81
109.34,4.97
15.42,11.86
157.2,7.33
20.35,5.83
25.36,9.93
45.03,10.48
20.4,6.33
17.59,16.52
30.04,7.55
76.78,8.06
4.83,7.94
83.51,3.4
112.79,4.03
29.45,12.97
100.39,8.01
14.75,5.95
153.24,12.18
22.59,5.79
12.96,12.58
7.25,22.71
32.72,4.38
59.63,22.03
40.99,11.34
3.81,NA
23.43,8.11
32.6,16.29
64.78,5.19
9.61,10.95
17.77,NA
12.47,9.3
28.23,6.46
38.92,8.91
186.88,6.33
132.77,16.74
77.12,15.33
34.43,5.75
11.16,12.74
13.83,5.69
14.47,9.67
36.13,7.69
24.7,10.6
13.96,9.73
120.33,14.63
25,6.45
156.92,11.1
73.99,8.31
172.46,11.97
174.81,13.19
179.24,NA
454.88,13.38
12.57,12.84
12.81,15.89
641.81,17.53
35.26,6.26
42.77,4.46
21.22,6.26
10.77,8.45
86.73,19.02
10.91,29.65
38.31,8.85
291.91,9.97
77.98,11.99
36.89,6.76
20.68,15.51
7.2,5.95
23.14,8.35
99.77,20.14
32.05,6.5
88.62,8.15
56.54,10.27
79.39,10.45
112.32,7.85
23.15,8.08
50.26,NA
6.26,9
119.92,NA
30.74,6.06
32.14,10.91
15.15,8.04
21.44,4.67
80.29,14.18
12.84,9.7
17.42,5.68
29.85,5.78
18.82,5
187.7,8.26
25.31,5.87
21.89,5.81
34.87,9.02
65.11,5.16
10.46,5.84
36.6,7.89
12.99,10.87
48.82,9.55
8.25,11.39
78.83,8.3
16.56,9.01
194.68,4.77
20.07,8.44
29.94,14.02
26.24,13.7
178.72,5.71
12.6,11.01
11.24,9.09
156.47,6.75
68.12,9.89
8.4,19.44
8.8,16.03
21.95,14.24
51.84,6.06
57.6,5.98
88.1,9.68
45.44,6.98
112.56,6.02
5.58,2.93
40.88,5.42
50.95,3.18
52.63,4.65
14.45,12.98
45.08,13.37
261.02,8.6
31.28,15.18
104.73,NA
54.04,6.85
18.43,10.28
25.3,5.12
24.53,5.31
40.84,4.46
74.38,15.03
34.68,13.72
30.18,3.62
86.82,13.47
15.16,12.89
52.63,12.46
14.62,8.81
54.37,5.52
34.96,15.47
35.68,8.81
45.59,9.93
9.08,NA
12.67,7.16
34.02,11.04
13.44,4.85
14,7.93
124.9,3.69
27.49,4.71
23.77,17.73
7.43,5.23
19.53,13.42
79.2,7.55
13.62,9.77
45.11,NA
285.38,NA
46.92,5.26
67.28,7.87
37.25,12.7
62.66,10.87
36.43,8.53
67.63,7.5
52.36,18.3
12.52,9.58
57.32,10.34
17.33,8.62
28.01,7.53
21.75,14.17
23.9,10.88
8.62,10.58
21.38,10.05
19.64,11.27
25.85,16.39
67.69,6.75
30.41,8.15
22.34,14.62
69.72,7.03
29.67,6.95
73.36,14.38
62.17,9.55
9.31,4.65
22.39,4.44
25.62,9.16
23.43,7.51
26.47,6.84
73.39,11.03
142.77,13.84
22.47,NA
19.68,6.21
7.65,14.08
21.19,5.2
43.62,3.98
15.18,18.75
53.34,7.23
82.04,8.61
59.36,14.56
81.22,6.31
64.14,11.68
15.33,9.52
159.96,NA
4.8,3.79
5.4,8.84
104.26,NA
55.7,10.17
48.91,7.29
5.41,12.14
115.39,13.33
41.74,14.88
141.51,13.01
0.93,4.03
66.46,7.87
19.93,7.12
12.03,12.31
13.78,4.89
30.35,20.16
19.5,8.32
19.57,5.98
6.45,14.48
42.44,11.82
33.7,4.74
36.1,7.33
20.5,3.61
62.61,9.38
6.19,10.05
41.05,4.18
13.21,19.23
82.27,18.64
72.82,11.5
68.94,10.88
27,7.83
51.96,6.88
79.32,7.61
11.96,5.6
12.98,8.6
53.22,9.28
21.34,8.19
83.03,14.13
50.18,7.51
9,15.73
10.88,9.49
41.04,7.44
15.06,18.37
71.22,9
36.77,2.95
31.57,9.08
107.96,4.86
9.33,12.28
207.28,16.02
36.55,3.24
13.1,8
12.56,6.98
27.8,10.36
18.22,5.45
47.33,8.47
44.75,10.43
21.01,3.84
29.91,NA
11.22,NA
57.67,8.45
13.7,5.94
73.58,9
40.48,5.54
57.82,5.31
47.56,12.48
32.15,6.75
31.47,8.11
13.74,6.23
34.16,7.14
162.41,10.85
12.99,9.63
97.57,7.72
23.57,5.18
222.53,5.34
62.25,7.16
20.62,7.06
74.17,12.14
140.99,NA
29.1,16.49
40.14,8.62
32.17,5.1
6.9,6.16
108.37,NA
77.23,11.11
16.83,6.97
75.1,11.13
12.64,5.46
27.23,8.88
14.04,7.11
28.49,8.09
186.4,18.24
107.19,4.64
7.65,NA
11.77,10.27
20.17,6.7
147.37,6.36
10.34,11.14
41.03,7.01
21.16,8.16
69.1,7.68
10.9,23.23
100.79,6.74
12.6,8.1
81.66,4.44
78.5,13.74
28.83,12.1
691.84,9.3
31.84,9.34
36.82,4.37
41.26,7.66
36.3,6.03
52.46,NA
5.04,4.92
107.53,16.95
31.51,7.01
26.59,3.07
160.06,7.9
124.18,11.55
38.77,5.32
132.28,17.33
122.06,NA
33.15,9.24
476.88,9.56
77.94,NA
12.37,7.51
67.49,8.16
46.1,7.11
30.64,9.46
21.98,9.36
49.01,10.02
21.55,14.26
54.99,12.63
55.46,10.01
20.09,7.75
9.54,7.58
34.81,9.85
154.63,NA
91.68,18.18
28.31,6.5
13.77,11.47
33.65,8.47
57.57,12.2
15.38,6.28
6.94,6.16
12.95,5.24
108.16,3.02
25.88,5.24
42.6,4.47
52.03,8.79
38.78,12.69
121.44,11.49
31.53,11.69
15.84,11.14
9.74,8.29
27.8,7.51
62.8,13.03
22.96,NA
77.22,11.28
10.47,5.14
38.66,6.41
23.53,8.17
58.43,8.96
59.13,7.81
15.7,12.46
36.05,6.65
332.09,17.23
32.56,12.68
49.23,4.5
26.63,5.3
43.42,6.03
34.01,6.93
62.05,7.43
58.02,NA
63.06,11.11
28.79,8.92
41.02,3.35
539.97,9.73
45.65,12.35
51.37,11.23
105.83,20.75
35.76,8.89
56.91,5.9
74.44,13.45
91.83,8.24
15.33,9.52
36.85,6.91
53.31,11.17
14.42,2.9
21.07,3.51
51.94,16.51
23,4.37
25.97,3.72
8.22,4.07
48.58,12.58
10.7,10.04
70.07,3.73
159.21,10.61
130.43,12.02
87.21,NA
176.35,7.33
40.79,10.71
173.44,3.1
46.68,6.19
51.43,6.93
7.71,5.88
8.29,12.42
11.04,3.89
50.28,12.38
81.6,8.44
107.43,11.56
7.92,23.74
5.81,6.4
82.29,5.91
33.69,8.67
12.92,3.13
6.41,7.57
75.77,11.93
110.42,3.64
151.52,9.33
43.93,6.23
31.7,9.14
134.67,7.93
40.17,11.94
19.96,18.89
34.47,9.94
26.86,9.55
14.44,15.01
35.06,9.35
237.88,18.57
117.78,8.19
35.12,3.49
1701.95,11.44
23.3,6.26
16.73,4.66
463.27,8.89
20.82,5.5
20.48,4.41
53.71,7.66
57.8,NA
44.63,12.51
68.53,14.2
4.59,3.69
169.25,8.97
65.78,5.03
134.39,4.62
28.47,10.64
89.37,4.44
25.3,3.12
24.04,8.93
30.06,7.71
47.97,NA
34.95,20.69
18.53,9.2
23.73,NA
28.41,7.74
24.54,4.91
33.94,6.52
20.61,13.03
93.33,6.49
113.47,12.95
4.46,5.65
20.58,5.98
53.44,2.99
5.33,16.71
35.67,10.43
22.95,6.7
21.57,4.27
52.07,8.37
66.5,9.44
22.56,23.06
4.62,2.97
4.85,12.81
17.74,5.3
51.42,9.18
43.76,6.67
125.8,NA
28.26,12.22
30.32,4.87
60.93,9.83
5.14,8.05
71.77,7.4
64.84,9.28
60.51,NA
242.94,15.32
21.74,3.9
36.46,4.62
11.1,8.47
57.61,NA
63.29,6.47
29.96,6.93
34.36,12.83
18.84,18.11
72.11,7.42
49.5,10.38
80.23,7.75
79.73,13.02
52.12,7.93
64.32,10.7
83.22,13.53
71.89,6.24
99.1,13.9
57.26,9.61
32.14,21.5
16.02,NA
18.49,4.45
69.27,5.98
77.81,4.56
27.56,7.86
19.44,11.17
114.35,11.34
24.14,10.15
31.96,4.33
74.59,10.2
16.66,9.86
49.77,13.04
30.52,10.98
82.24,13.43
14.64,14.77
26.06,5.79
75.3,11.64
65.17,6.17
7.07,10.73
9.44,5.64
108.8,6.65
157.59,14.22
7.93,12.79
19.97,11
52.03,11.84
0.8,3.13
41.54,10.87
70.43,9.72
121.92,10.29
41.82,12.81
46.77,8.17
113.28,7.87
25.64,4.16
22.23,24.16
120.88,4.15
26.91,7.44
10.09,14.5
83.77,5.48
16.81,8.19
53.51,20.34
385.37,6.64
5.27,11.62
43.43,4.88
13.47,5.49
62.51,10.13
12.49,5.61
99.52,24.66
158.32,2.73
14.56,5.2
47.68,10.46
33.54,6.17
38.1,10.48
21.31,10.88
8.65,15.76
54.53,7.28
77.35,8.32
61.58,7.98
27.61,5.48
37.44,8.45
13.31,5.9
71.58,6.83
47.92,NA
96.09,6.28
73.67,10.73
22.81,13.83
29.93,9.18
43.52,7.35
18.78,7.54
11.75,8.58
82.44,9.52
69.05,7.97
244.28,NA
22.38,12.64
142.15,7.92
6.61,11.49
26.33,9.29
40.62,8.93
62.8,8.84
22,NA
22.91,8.62
212.94,8.89
65.04,9.51
15.82,7.46
15.2,10.32
8.24,7.86
34.96,6.38
25,5.21
77.68,NA
25.94,7.3
20.8,NA
23.51,9.33
28.02,NA
39.89,13.34
148.8,4.52
23.64,9.3
30.15,NA
18.2,3.82
78.93,6.9
10.47,6.63
41.58,5.09
38.39,4.82
84.15,6.42
169.44,14.96
616.03,7.17
35.39,5.93
15.51,9.13
33.29,9.8
186.16,10.06
22.1,12.1
6,8
16.02,8.15
37.93,9.44
20.91,10.43
15.98,5.54
200.14,4.91
172.67,8.72
19.72,8.27
80.31,14.28
151.15,7.88
36.11,7.77
114.66,NA
7.33,8.79
36.35,NA
50.46,11.88
61.86,4.52
41.85,23.79
66.14,9.81
25.74,7.24
14.49,16.66
88.38,11.41
31.17,12.05
137.6,7.65
7.62,12.74
51.93,10.68
7.07,8.84
95.2,7.72
8.77,5.64
7.3,10.26
79.28,4.94
45.84,7.81
48.01,NA
30.66,10.76
41.59,7.65
6,5.65
77.93,5.33
15.56,7.72
19.97,2.64
30.64,5.43
15.3,9.81
31.59,15.24
43.76,13.7
31.88,5.05
14.25,8.62
43.45,5.89
29.75,9.06
27.38,3.32
67.57,13.63
45.98,7.25
30.48,17
11.32,10.6
22.12,12.75
48.27,10.32
52.61,6.37
94.21,16.52
30.19,11.7
16.36,9.73
48.03,10.01
9.24,NA
329.36,11.24
50.73,8.41
54.94,7.97
41.02,11.01
50.73,8.53
13.74,8.48
46.47,8.39
785.94,4.73
19.52,11.12
49.05,NA
21.5,4.47
7.12,NA
119.85,4.74
60.55,7.21
20.28,5.47
90.12,NA
20.99,11.4
40.33,6.8
18.7,5.8
1.05,NA
157.15,5.87
43.65,9.82
13.97,3.33
17.45,NA
20.52,16.58
130.76,18.69
16.69,7.36
29.72,9.19
71.41,NA
51.8,13.77
16.51,9.67
7.59,8.28
7.36,3.22
117.62,5.99
9.42,6.51
53.29,NA
24.79,8.49
10.15,3.59
16.75,9.83
175.23,NA
9.38,NA
33.84,12.22
119.43,4.83
18.25,9.58
58.65,NA
11.87,9.94
13.22,13.09
107.29,3.53
38.18,8.91
149.02,6.11
37.12,6.46
63.94,12.29
6.48,23.4
40.98,10.08
89.55,7.01
19.98,22.53
23.91,21.08
114.84,14.92
91.49,9.14
35.06,20.37
50.39,5.56
23.52,4.33
66.18,7.91
22.74,11.78
23.68,5.36
28.44,12.69
5.36,5.17
34.38,7.26
49.32,6.6
1.02,13.56
245.34,39.78
14.32,3.8
58.13,16.72
47.32,9.11
131.77,7.51
19.45,10.45
21.79,5.63
18.01,4.08
35.8,3.72
27.05,8.7
10.85,14.82
41.15,14.58
13.19,5.52
5.11,5.14
67.41,9.79
5.22,NA
50.65,3.48
30.8,6.19
38.91,12.78
14.68,12.34
24.78,9.52
7.48,5.21
121.96,17.59
24.67,7.37
27.77,8.17
19.26,11.61
46.17,7.49
4.35,3.03
102.23,8.55
4.78,7.29
22.82,5.41
10.46,4.75
36.32,5.22
169.6,6.04
32.21,15.38
26.6,3.29
16.07,10.87
28.26,5.48
48.97,8
30.97,10.46
22.6,14.5
15.96,7.7
17.54,15.04
5.83,12.7
64.39,5.45
67.47,NA
11.13,11.31
23.27,5.79
217.6,8.33
17.49,6.45
18.25,14.92
16.79,13.54
15.07,9.27
47.9,17.77
33.29,4.53
51.29,11.83
14.95,23.72
15.01,12.33
10.55,10.94
71.75,16.37
55.42,11.04
37.82,17.43
12.71,8.32
18.99,6.08
16.14,4.77
66.94,8
119.69,5.91
69.65,12.3
55.15,9.35
51.11,8.23
30.27,11.16
35.36,18.27
165.79,4.22
97.23,11.59
18.79,6.81
63.92,8.42
11.39,7.36
25.24,3.4
22.57,6.09
46.02,2.6
53.97,NA
53.26,4.39
23.38,6.76
83.93,7.61
132.94,11.85
22.63,3.35
31.78,8.2
44.36,11.29
20.4,3.7
41.73,17.14
2.79,39.09
5.74,2.57
14.39,5.99
17.12,13
60.59,11.07
39.25,6.99
59.06,10.07
42.2,NA
47.44,13.44
6.39,4.59
281.72,13.19
21.01,9.1
36.71,11.44
80.51,NA
13.41,19.31
61.77,9.47
24.24,8.97
22.26,6.65
347.68,18.29
389.28,4.02
30.36,5.37
55.29,19.74
49.43,NA
46.95,6.34
101.73,5.42
56.32,9.37
9.01,13.11
84.78,4.05
44.07,4.38
46.5,15.83
48.91,22.72
37.82,12.13
48.7,9.5
104.55,8.56
26.62,6.14
14.54,10.06
6.21,8.52
59.39,4.06
21.88,14.93
7.18,21.06
26.23,11.6
4.95,11.04
31.25,7.51
60.78,NA
59.16,8.32
13.33,7.9
13.54,17.1
32.5,6.05
51.13,6.21
3.66,15.22
91.52,5.87
28.15,8.84
18.97,8.81
19.02,7.86
74.3,12.5
16.76,6.09
10.65,7.97
25.34,6.77
10.38,4.8
11.54,19.54
4.07,5.62
29.57,NA
8.8,8.06
14.22,4.21
39.82,8.32
100.75,10.32
15,11.6
45.97,14.12
24.2,4.73
26.98,17.31
54.93,20.72
23.72,8.47
51.01,11.09
16.72,9.34
26.92,5.98
106.19,6.27
40.79,11.96
50.91,9.67
16.07,4.84
8.88,11.5
17.4,6.98
57.13,11.19
6.29,17.95
47.15,NA
68.79,4.26
51.43,20.08
10.42,11.2
115.69,7.71
54.16,4.95
32.87,5.66
62.64,7.99
49.03,6.8
45.36,6.81
29.38,11.41
10.55,14.76
17.15,7.51
161.79,5.36
44.74,3.97
70.3,9.33
26.77,10.04
66.95,8.44
34.29,7.1
28.91,6.03
60,8.98
13.19,6.16
17.67,7.32
42.41,6.97
2582.8,NA
13.86,NA
29.72,9.58
23.53,16.66
9.9,11.91
26.76,6.37
10.68,13.18
11.69,5.53
81.63,15.32
71.97,4.97
7.27,6.55
86.31,7.97
38.87,4.37
87.74,NA
96.21,9.73
35.94,6.52
54.89,11.48
48.04,8.69
2.43,NA
92.97,3.02
50.58,9.36
34,5.01
32.24,9.68
20.16,NA
34.8,4.76
16.03,2.92
8.98,6.13
105.01,6.12
5.96,15.69
384.96,10.36
22.85,3.89
38.88,9.63
23.82,7.58
63.36,17.48
119.94,NA
28.26,17.17
8.6,7.05
64.79,11.39
4.1,5.94
42.5,8.37
44.12,19.88
21.24,3.96
111.39,NA
10.75,9.64
15.21,11.49
47.85,6.55
14.24,29.9
27.44,16.13
15.81,4.78
34.77,13.07
33.83,NA
22.27,12.09
66.42,11.32
137.13,14.53
36.16,8.33
45.32,10.26
70.82,10.33
232.94,8.06
150.74,11.74
18.76,4.34
62.84,3.31
83.62,NA
23.5,7
34.21,8.77
52.24,6.54
17.57,5.53
5.17,4.82
56.99,14.78
31.58,13.77
42.52,5.72
20.25,4.95
59.66,9.93
34.65,11.96
57.97,10.25
20.2,7.52
577.61,4.81
62.96,5.35
39.42,8.48
57.28,15.93
170.23,7.92
44.22,12.7
18.83,5.61
16.98,3
104.18,12.51
99.99,5.65
43.53,NA
4.74,10.13
66.13,13.65
53.51,20.65
101.38,5.31
25.37,20.58
28.53,NA
29.85,5.87
48.96,12.5
30.47,7.12
85.69,13.52
56.71,12.57
46.03,9.28
107.73,6.74
27.32,8.95
57.17,10.58
30.15,6.83
17.27,3.28
33.37,8.46
14.5,6.82
16.5,4.48
50.4,9.25
26.7,10.05
24.27,12.07
30.12,11.07
258.35,21.05
59.35,5.14
7.26,6.87
99.49,10.24
24.7,3.57
25.59,NA
12.2,6.5
17.41,5.98
15,12.29
36.73,2.86
63.03,NA
18.8,11.67
89.19,25.88
124.46,7.33
31.95,14.73
9.6,4.5
12.71,12.47
10.46,8.52
56.27,6.39
40.47,4.23
36.47,8.29
3.38,2.82
41.88,10.77
61.35,17.16
87.16,11.31
66.36,13.05
137.67,9.81
75.2,13.16
18.46,2.93
33.48,11.02
17.97,17.33
140.69,7.45
21.59,1.74
39.5,10.23
9.02,7.23
31.82,17.85
22.9,5.48
66.32,NA
5.27,11.57
22.09,10.12
36.74,6.14
20.3,NA
23.98,5.55
40.23,3.97
31.08,6.75
14.79,7.34
22.65,4.54
34.37,8.91
112.78,4.56
25.59,14.69
7.48,13.44
7.16,7.04
31.18,6.38
4.82,9.08
19.07,8.73
41.08,3.91
46.07,10.17
18.06,11.41
75.9,4.8
117.32,7.13
9.46,11.77
31.75,6.4
86.33,18.04
41.89,7.23
15.22,15.88
129.82,10.6
858.4,NA
83.31,11.1
28.1,5.75
22.64,5.82
7.89,6.37
16.08,15.54
15.42,12.99
12.48,6.27
86,9.92
26.57,4.44
31.75,6.74
20.21,12.3
14.06,20.89
7.23,4.16
6.93,13.38
5.59,12.2
147.56,NA
3.57,6.76
10.18,9.46
60,9.46
25.99,8.39
9.96,16.36
46.83,15.82
38.87,5.44
71.49,6.88
60.36,5.41
59.6,10.42
108.63,3.42
20.1,6.7
32.73,23.35
48.72,NA
40.82,6.8
154.48,NA
42,14.46
33.23,6.49
4.64,13.49
18.47,18.22
15.31,14.26
10.84,9.85
6.9,12.45
20.02,4.72
7.44,6.47
48.31,6.19
60.56,8.54
82.17,7.4
43.14,14.18
18.55,7.04
199.95,NA
6.45,8.91
25.93,5.47
26.59,4.57
27.55,4.75
17.45,12.76
34.81,15.21
6.45,9.39
76.67,NA
23.14,15.74
138.56,9.22
6.88,3.81
70.75,NA
11.42,13
27.41,8.48
1287.09,7.85
21.02,10.41
34.81,NA
18.81,9.92
25.6,12.34
22.14,9.99
9.26,8.4
40.74,7.43
5.94,NA
15.35,10.77
36.59,9.81
24.28,3.82
13.79,8.66
50.12,13.12
48.06,7.58
35.26,8.38
29.85,4.74
21.41,7.46
4.19,23.66
129.46,7.76
25.71,15
30.52,10.43
326.58,NA
19.5,18.97
55.02,8.22
9.6,19.9
35.96,6.22
27.34,3.54
8.34,5.7
68.42,20.67
6.98,8.22
18.3,3.24
22.41,5.84
30.47,6.26
7.36,10.79
18.54,9.51
6.71,5.41
100.12,3.8
33.4,10.58
12.62,10.13
24.98,8.11
22.14,6.16
47.16,7.66
8.85,10.47
12.86,3.78
16.14,4.01
68.06,12.95
15.31,9.37
15.56,16.06
6.1,15.5
5.62,5.02
26.88,7.79
32.23,19.79
45.83,10.95
6.13,14
103.98,13.44
109.35,6.32
14.86,6.84
80.36,13.44
25.91,NA
27.4,4.85
59.87,16.13
19.47,NA
3.89,NA
42.13,9.22
41.7,6.37
34.21,5.24
66.27,5.04
24.88,6.75
29.92,11.48
7.92,21.55
4.59,9.92
27.95,12.3
28,16.61
7.06,23
9.67,9.19
23.1,8.78
7.07,NA
51.67,6.04
56.98,NA
11.89,3.31
359.24,12.27
426.4,18.51
44.83,4.71
8.68,NA
29.35,10.44
15.4,11.29
42.32,8.24
13.2,9.89
90.59,25.19
90.64,8.56
6.11,NA
25.69,12.7
164.14,NA
58.23,6.45
11.11,9.46
67.41,11.54
6.8,5.84
19,9.22
26.52,7.33
33.41,13.41
57.77,7.2
5.37,11.99
18.95,3.92
40.84,8.9
6.6,29.37
57.57,NA
59.1,6.33
82.42,NA
5.29,24.81
24.63,11.24
192.17,NA
76.81,4.48
53.35,7.67
20.32,4.94
80.64,14.58
12.91,4.43
12.82,10.38
104.35,9.71
14.64,8.2
11.68,8.81
30.43,5.29
70.53,10.34
9.85,10.5
46.09,18.39
15.42,6.7
23.89,17.81
89.18,NA
22.39,NA
3.83,24.34
79.4,NA
49.08,10.3
32.32,11.63
49.36,16.04
89.55,7.23
40.74,9.02
49.99,NA
6.12,3.73
27.55,4.18
7.22,15.65
20.37,8.49
229.58,NA
41.12,3.19
8.61,12.16
6.78,7.11
76.75,17.19
115.33,22.46
8.89,3.66
4.73,5.52
21.61,7.56
2.33,NA
26.25,4.77
38.51,7.54
102.87,20.49
71.45,NA
18.66,7.59
11.16,11.81
38.53,8.13
22.03,12.4
14.84,5.09
68.11,7.91
29.54,7.9
7.93,5.43
24.48,12.06
46.73,3.23
18.41,NA
30.94,9.62
15.08,5.04
30.99,9.95
67.05,7.95
23.82,5.52
15.02,8.64
415.3,NA
7,3.9
26.27,8.45
65.87,10.07
22.76,8.42
7.15,12.6
55.77,9.8
15.09,9.35
18.71,4.95
8.15,3.26
10.25,7.03
4.47,8.23
70.68,3
169.28,4.36
70.02,7.78
11.87,9.13
2.53,21.82
161.94,NA
16.47,11.69
36.23,5.5
31.48,9.86
9.23,11.18
12.31,7.59
141.52,NA
48.98,8.3
12.58,3.79
50.22,9.71
31.38,NA
25.82,8.16
15.53,6.8
3.06,19.48
6.06,NA
79.53,NA
9.41,4.87
17.08,10.04
68.69,3.26
21.99,4.43
57.18,12.01
100.71,NA
47.36,6.79
48.99,3.71
23.12,14.14
12.5,6.35
30.1,6.1
58.12,4.79
6.28,6.37
125.93,12.15
361.06,5.05
60.92,10.97
49.35,9.11
18.28,9
56.28,9.26
43.7,4.83
7.17,9.06
3.55,31.21
41.02,7.09
29.53,9.96
34.74,19.09
48.91,2.7
86.9,12.67
77.58,3.94
12.6,13.93
32.37,3.05
74.13,4.4
283.06,10.5
39.07,11.03
58.36,NA
182.38,4.53
19.38,8.24
69.3,NA
40.24,6
21.78,6.74
27.48,6.37
278.08,NA
64.35,6.34
5.34,5.07
15.28,8.99
13.17,4.61
34.06,6.01
1.71,9.19
22.33,19.24
36.03,9.04
73.92,7.91
36.94,33.85
55.66,11.17
165.64,16.66
12.91,6.6
15.34,5.96
29.27,4.39
178.41,9.04
5.25,8.96
21.21,9.24
27.47,5.25
23.05,12.33
73.5,17.9
101.08,7.6
27.03,4.17
16.38,12.12
10.95,3.89
7.75,9.09
23.3,5.54
29.59,4.59
82.6,11.7
36.01,9.98
29.29,12.09
94.82,10.99
8.52,13.45
8.77,3.81
17.65,8.3
17.64,20.32
82,12.35
168.41,9.9
63.79,7.49
4.7,14.23
103.84,NA
43.22,6.47
28.32,11.19
56.95,4.12
6.11,14.73
34.1,8.1
208.25,NA
24.12,10.2
46.79,4.61
52.64,11.05
41.61,11.67
25.89,6.95
5.05,16.88
25.68,12.78
8.02,3.23
6.86,4.84
17.83,5.16
76.83,14.9
40.22,6.75
67.53,11.37
24.78,11.07
31.46,7.62
93.66,9.09
17.61,6.42
40.47,4.93
13.89,7.13
34.4,7.93
32.04,13.53
12.54,4.92
57.03,NA
34.61,14.67
12.53,10.69
21.89,16.46
41.17,13.6
7.96,4.94
10.29,9.47
9.56,6.4
25.74,6.32
40.31,5.64
7.67,9.61
23.5,6.18
16.05,4.3
10.75,5.15
10.08,5.79
23.74,9.25
52.33,7.63
56.22,NA
43.47,8.15
10.73,5.02
11.19,10.19
50.34,10.29
32.51,4.33
59.04,NA
32.58,7.26
21.22,14.05
23.34,4.22
66.66,17.93
17.75,6.96
50.28,6.94
115.83,11.1
15.29,13.42
9.66,7.99
17.1,8.21
46.61,8.64
37.35,15.74
59.03,5.91
147.51,7.92
13.83,4.42
22.41,3.92
29.15,6.96
60.22,15.22
20.3,7.81
9.63,7.39
45.2,8.72
26.97,6.58
34.1,10.66
14.13,8.7
14.54,5.73
79.33,7.4
61.38,5.72
12.61,6.59
46.56,9.81
15.56,7.35
22.72,9.42
32.07,NA
68.85,11.76
16.75,12.33
13.28,4.58
150.66,7.64
61.8,10.44
40.27,8.23
22.28,7.07
63.06,9.32
27.28,11.81
65.96,NA
51.51,5.32
9.68,9.34
24.12,15.58
9.8,NA
31.35,9.72
21.88,4.84
5.49,18.34
11.15,6.72
112.92,4.8
49.14,6.7
23.26,5.9
18.42,7.44
28.72,10.57
13.98,19.93
67.35,NA
45.08,8.58
43.17,18.61
13.79,4.41
13.52,6.51
83.43,26.12
50.45,12.56
41.27,11.64
8.19,11.36
49.86,10.81
64.5,NA
53.5,7.09
101.33,12.72
55.38,8.51
6.13,5.11
7.88,3.66
106.98,NA
20.23,5.79
26.97,14.58
24.98,7.32
42.78,11.35
22.9,18.62
10.8,8.99
10.18,15.68
30.65,9.77
16,10.67
82.69,11.63
6.57,15.04
21.27,15.44
18.42,7.8
38.02,9.9
51.11,12.54
57.84,10.15
7.08,7.12
28.32,4.13
82.12,17.54
16.83,15.91
9.95,NA
29.59,4.54
20.01,7.86
49.33,NA
58.29,20.36
25.83,17
189.49,4.85
52.87,4.99
37.34,8.46
47.85,3.41
18.32,5.72
38.53,10.77
35.45,9.67
52.05,NA
54.02,10.82
8.71,3.9
22.49,7.42
11.38,6.9
22.02,9.85
11.04,3.47
15.74,14.47
4.94,5.37
14.22,13.6
35.41,5.7
35.99,5.99
2272.12,NA
56.38,NA
14.87,6.04
9.31,6.03
90.96,19.08
5.83,4.35
100.37,11.36
11.29,7.42
118.96,5.51
21.32,12.2
34.98,10.33
33.82,9.27
53.86,NA
24.73,8.76
37.8,13.1
22.14,10
13.57,NA
23.51,7.7
51.62,15.35
14.42,NA
7.66,2.49
26.32,10.36
49.24,8.76
30.47,3.79
14.77,8.45
18.52,10.59
9.7,7.99
8.84,7.14
40.35,5.35
12.91,7.28
55.44,5.55
8.31,10.38
9.03,6.13
37.24,14.48
5.83,6.73
5.99,6.18
2.43,NA
32.81,7.43
25.43,3.6
49.02,11.2
71.97,8.98
362.47,NA
10.49,8.12
17.77,10.81
57.54,7.26
39.45,10.08
10.84,9.09
51.96,11.81
13.88,11.17
39.86,9.26
29.39,11.48
6.79,9.76
36.31,12.12
43.48,10.1
16.18,6.87
10.6,13.94
38.63,4.31
67.92,8.59
12.58,NA
67.44,6.69
22.27,8.44
13.22,18.48
61.65,8.7
5.01,7.51
8.8,9.01
33.76,10.02
25.37,5.67
50,6.83
17.58,13.73
25.2,NA
50.37,9.05
44.3,6.2
24.42,7.98
34.52,NA
9.74,10.51
34.86,9.52
26.43,7.12
32.22,14.91
20.03,8.12
32.69,7.6
42.77,11.58
31.31,4.84
43.86,14.66
63.98,6.12
42.89,12
21.95,19.07
57.91,5.59
87.37,9.64
52.44,10.08
19.26,4.95
263.84,3.03
24.19,7.96
12.11,5.5
56.44,17.17
8.8,13.18
19.82,4.13
29.41,10.36
67.12,10.23
54.38,5
18.23,3.47
23.07,8.57
23.1,10.75
37.83,6.02
6.48,18.92
100.32,NA
36.43,6.33
12.3,10.11
10.21,6.08
24.39,5.23
43.29,16.32
24.33,12.22
26.83,6
12.84,7.57
39.97,8.54
10.55,14.62
33.65,17.05
56.13,8.29
27.42,5.48
78.92,4.5
3.59,14.21
129.02,14.23
134.11,3.24
65.89,4.47
8.79,7.68
123.73,8.68
35.45,5.92
27.15,7.72
7.5,NA
34.6,7.91
9.89,6.14
22.94,NA
25.16,11.73
3.53,7.27
70.38,5.75
23.59,9.45
12.04,NA
2.45,20.29
100.87,10.05
24.12,8.14
13.03,8.68
52.3,5.68
24.34,9.75
11.8,9.82
37.97,5.66
37.47,8.93
37.45,7.47
40.03,6.09
12.02,9.98
6.45,21.4
26.65,6.36
23.4,9.19
43.52,12.79
31.53,8.54
16.06,15.73
27.14,6.43
43.52,4.02
58.92,10.1
5.73,9.2
265.75,18.41
23.82,13.32
13.74,7.26
39.59,7.72
56.09,4.67
12.72,7.75
70.1,14.78
23.95,5.74
13.68,3.29
3.69,8.22
30.58,6.94
18.26,9.35
89.91,13.65
35.97,15.81
16.34,12.21
102.26,10.89
7.56,13.83
32.44,6.21
27,11.72
18.08,5.34
64.26,NA
4.85,21.34
10.03,8.37
6.13,4.29
67.69,3.96
31.8,5.26
27.43,NA
12.88,7.7
14.64,10.38
11.89,6.38
10.35,4.81
54.93,7.07
12.36,8.26
58.27,6.74
5.75,17.7
9.37,NA
12.57,5.82
50.21,10.83
58.6,3.72
4.68,7.29
116.9,10.05
24.84,NA
10.89,5.53
15.93,10.94
10.33,9.98
40.94,17.68
29.93,NA
13.49,4.84